INFO:     Started server process [108416]
INFO:     Waiting for application startup.
INFO:     Application startup complete.
INFO:     Uvicorn running on http://127.0.0.1:8010 (Press CTRL+C to quit)
INFO:     127.0.0.1:50058 - "GET /health HTTP/1.1" 200 OK
INFO:     127.0.0.1:50066 - "GET /support/modules HTTP/1.1" 200 OK
INFO:     127.0.0.1:50082 - "OPTIONS /auth/login HTTP/1.1" 200 OK
INFO:     127.0.0.1:50082 - "POST /auth/login HTTP/1.1" 200 OK
INFO:     127.0.0.1:50097 - "GET /support/salesmen HTTP/1.1" 200 OK
INFO:     127.0.0.1:50098 - "GET /support/next-persons HTTP/1.1" 200 OK
INFO:     127.0.0.1:50100 - "GET /support/modules HTTP/1.1" 200 OK
INFO:     127.0.0.1:50096 - "GET /support/customers?search= HTTP/1.1" 200 OK
INFO:     127.0.0.1:50099 - "GET /support/priorities HTTP/1.1" 200 OK
INFO:     127.0.0.1:50101 - "GET /support/customer-info?cust_id=0 HTTP/1.1" 200 OK
INFO:     127.0.0.1:50109 - "OPTIONS /support/customer-info?cust_id=35324 HTTP/1.1" 200 OK
INFO:     127.0.0.1:50108 - "OPTIONS /support/pending-tickets?cust_id=35324 HTTP/1.1" 200 OK
INFO:     127.0.0.1:50107 - "OPTIONS /support/closed-tickets?cust_id=35324 HTTP/1.1" 200 OK
INFO:     127.0.0.1:50109 - "GET /support/closed-tickets?cust_id=35324 HTTP/1.1" 200 OK
INFO:     127.0.0.1:50108 - "GET /support/pending-tickets?cust_id=35324 HTTP/1.1" 200 OK
INFO:     127.0.0.1:50107 - "GET /support/customer-info?cust_id=35324 HTTP/1.1" 200 OK
INFO:     127.0.0.1:50107 - "OPTIONS /support/customer-info?cust_id=43413 HTTP/1.1" 200 OK
INFO:     127.0.0.1:50108 - "OPTIONS /support/pending-tickets?cust_id=43413 HTTP/1.1" 200 OK
INFO:     127.0.0.1:50107 - "OPTIONS /support/closed-tickets?cust_id=43413 HTTP/1.1" 200 OK
INFO:     127.0.0.1:50107 - "GET /support/pending-tickets?cust_id=43413 HTTP/1.1" 200 OK
INFO:     127.0.0.1:50109 - "GET /support/closed-tickets?cust_id=43413 HTTP/1.1" 200 OK
INFO:     127.0.0.1:50108 - "GET /support/customer-info?cust_id=43413 HTTP/1.1" 200 OK
INFO:     127.0.0.1:50110 - "OPTIONS /support/tickets HTTP/1.1" 200 OK
INFO:     127.0.0.1:50110 - "POST /support/tickets HTTP/1.1" 500 Internal Server Error
ERROR:    Exception in ASGI application
Traceback (most recent call last):
  File "D:\Maruti_workspace\rspl_Api\.venv\Lib\site-packages\uvicorn\protocols\http\httptools_impl.py", line 409, in run_asgi
    result = await app(  # type: ignore[func-returns-value]
             ^^^^^^^^^^^^^^^^^^^^^^^^^^^^^^^^^^^^^^^^^^^^^^
        self.scope, self.receive, self.send
        ^^^^^^^^^^^^^^^^^^^^^^^^^^^^^^^^^^^
    )
    ^
  File "D:\Maruti_workspace\rspl_Api\.venv\Lib\site-packages\uvicorn\middleware\proxy_headers.py", line 60, in __call__
    return await self.app(scope, receive, send)
           ^^^^^^^^^^^^^^^^^^^^^^^^^^^^^^^^^^^^
  File "D:\Maruti_workspace\rspl_Api\.venv\Lib\site-packages\fastapi\applications.py", line 1054, in __call__
    await super().__call__(scope, receive, send)
  File "D:\Maruti_workspace\rspl_Api\.venv\Lib\site-packages\starlette\applications.py", line 113, in __call__
    await self.middleware_stack(scope, receive, send)
  File "D:\Maruti_workspace\rspl_Api\.venv\Lib\site-packages\starlette\middleware\errors.py", line 187, in __call__
    raise exc
  File "D:\Maruti_workspace\rspl_Api\.venv\Lib\site-packages\starlette\middleware\errors.py", line 165, in __call__
    await self.app(scope, receive, _send)
  File "D:\Maruti_workspace\rspl_Api\.venv\Lib\site-packages\starlette\middleware\cors.py", line 93, in __call__
    await self.simple_response(scope, receive, send, request_headers=headers)
  File "D:\Maruti_workspace\rspl_Api\.venv\Lib\site-packages\starlette\middleware\cors.py", line 144, in simple_response
    await self.app(scope, receive, send)
  File "D:\Maruti_workspace\rspl_Api\.venv\Lib\site-packages\starlette\middleware\exceptions.py", line 62, in __call__
    await wrap_app_handling_exceptions(self.app, conn)(scope, receive, send)
  File "D:\Maruti_workspace\rspl_Api\.venv\Lib\site-packages\starlette\_exception_handler.py", line 53, in wrapped_app
    raise exc
  File "D:\Maruti_workspace\rspl_Api\.venv\Lib\site-packages\starlette\_exception_handler.py", line 42, in wrapped_app
    await app(scope, receive, sender)
  File "D:\Maruti_workspace\rspl_Api\.venv\Lib\site-packages\starlette\routing.py", line 715, in __call__
    await self.middleware_stack(scope, receive, send)
  File "D:\Maruti_workspace\rspl_Api\.venv\Lib\site-packages\starlette\routing.py", line 735, in app
    await route.handle(scope, receive, send)
  File "D:\Maruti_workspace\rspl_Api\.venv\Lib\site-packages\starlette\routing.py", line 288, in handle
    await self.app(scope, receive, send)
  File "D:\Maruti_workspace\rspl_Api\.venv\Lib\site-packages\starlette\routing.py", line 76, in app
    await wrap_app_handling_exceptions(app, request)(scope, receive, send)
  File "D:\Maruti_workspace\rspl_Api\.venv\Lib\site-packages\starlette\_exception_handler.py", line 53, in wrapped_app
    raise exc
  File "D:\Maruti_workspace\rspl_Api\.venv\Lib\site-packages\starlette\_exception_handler.py", line 42, in wrapped_app
    await app(scope, receive, sender)
  File "D:\Maruti_workspace\rspl_Api\.venv\Lib\site-packages\starlette\routing.py", line 73, in app
    response = await f(request)
               ^^^^^^^^^^^^^^^^
  File "D:\Maruti_workspace\rspl_Api\.venv\Lib\site-packages\fastapi\routing.py", line 301, in app
    raw_response = await run_endpoint_function(
                   ^^^^^^^^^^^^^^^^^^^^^^^^^^^^
    ...<3 lines>...
    )
    ^
  File "D:\Maruti_workspace\rspl_Api\.venv\Lib\site-packages\fastapi\routing.py", line 214, in run_endpoint_function
    return await run_in_threadpool(dependant.call, **values)
           ^^^^^^^^^^^^^^^^^^^^^^^^^^^^^^^^^^^^^^^^^^^^^^^^^
  File "D:\Maruti_workspace\rspl_Api\.venv\Lib\site-packages\starlette\concurrency.py", line 39, in run_in_threadpool
    return await anyio.to_thread.run_sync(func, *args)
           ^^^^^^^^^^^^^^^^^^^^^^^^^^^^^^^^^^^^^^^^^^^
  File "D:\Maruti_workspace\rspl_Api\.venv\Lib\site-packages\anyio\to_thread.py", line 63, in run_sync
    return await get_async_backend().run_sync_in_worker_thread(
           ^^^^^^^^^^^^^^^^^^^^^^^^^^^^^^^^^^^^^^^^^^^^^^^^^^^^
        func, args, abandon_on_cancel=abandon_on_cancel, limiter=limiter
        ^^^^^^^^^^^^^^^^^^^^^^^^^^^^^^^^^^^^^^^^^^^^^^^^^^^^^^^^^^^^^^^^
    )
    ^
  File "D:\Maruti_workspace\rspl_Api\.venv\Lib\site-packages\anyio\_backends\_asyncio.py", line 2596, in run_sync_in_worker_thread
    return await future
           ^^^^^^^^^^^^
  File "D:\Maruti_workspace\rspl_Api\.venv\Lib\site-packages\anyio\_backends\_asyncio.py", line 1029, in run
    result = context.run(func, *args)
  File "D:\Maruti_workspace\rspl_Api\app\routers\support.py", line 245, in create_ticket
    voucher_no = master_rows[0]["Voucherno"]
                 ~~~~~~~~~~~~~~^^^^^^^^^^^^^
KeyError: 'Voucherno'
INFO:     127.0.0.1:50117 - "POST /support/tickets HTTP/1.1" 500 Internal Server Error
ERROR:    Exception in ASGI application
Traceback (most recent call last):
  File "D:\Maruti_workspace\rspl_Api\.venv\Lib\site-packages\uvicorn\protocols\http\httptools_impl.py", line 409, in run_asgi
    result = await app(  # type: ignore[func-returns-value]
             ^^^^^^^^^^^^^^^^^^^^^^^^^^^^^^^^^^^^^^^^^^^^^^
        self.scope, self.receive, self.send
        ^^^^^^^^^^^^^^^^^^^^^^^^^^^^^^^^^^^
    )
    ^
  File "D:\Maruti_workspace\rspl_Api\.venv\Lib\site-packages\uvicorn\middleware\proxy_headers.py", line 60, in __call__
    return await self.app(scope, receive, send)
           ^^^^^^^^^^^^^^^^^^^^^^^^^^^^^^^^^^^^
  File "D:\Maruti_workspace\rspl_Api\.venv\Lib\site-packages\fastapi\applications.py", line 1054, in __call__
    await super().__call__(scope, receive, send)
  File "D:\Maruti_workspace\rspl_Api\.venv\Lib\site-packages\starlette\applications.py", line 113, in __call__
    await self.middleware_stack(scope, receive, send)
  File "D:\Maruti_workspace\rspl_Api\.venv\Lib\site-packages\starlette\middleware\errors.py", line 187, in __call__
    raise exc
  File "D:\Maruti_workspace\rspl_Api\.venv\Lib\site-packages\starlette\middleware\errors.py", line 165, in __call__
    await self.app(scope, receive, _send)
  File "D:\Maruti_workspace\rspl_Api\.venv\Lib\site-packages\starlette\middleware\cors.py", line 93, in __call__
    await self.simple_response(scope, receive, send, request_headers=headers)
  File "D:\Maruti_workspace\rspl_Api\.venv\Lib\site-packages\starlette\middleware\cors.py", line 144, in simple_response
    await self.app(scope, receive, send)
  File "D:\Maruti_workspace\rspl_Api\.venv\Lib\site-packages\starlette\middleware\exceptions.py", line 62, in __call__
    await wrap_app_handling_exceptions(self.app, conn)(scope, receive, send)
  File "D:\Maruti_workspace\rspl_Api\.venv\Lib\site-packages\starlette\_exception_handler.py", line 53, in wrapped_app
    raise exc
  File "D:\Maruti_workspace\rspl_Api\.venv\Lib\site-packages\starlette\_exception_handler.py", line 42, in wrapped_app
    await app(scope, receive, sender)
  File "D:\Maruti_workspace\rspl_Api\.venv\Lib\site-packages\starlette\routing.py", line 715, in __call__
    await self.middleware_stack(scope, receive, send)
  File "D:\Maruti_workspace\rspl_Api\.venv\Lib\site-packages\starlette\routing.py", line 735, in app
    await route.handle(scope, receive, send)
  File "D:\Maruti_workspace\rspl_Api\.venv\Lib\site-packages\starlette\routing.py", line 288, in handle
    await self.app(scope, receive, send)
  File "D:\Maruti_workspace\rspl_Api\.venv\Lib\site-packages\starlette\routing.py", line 76, in app
    await wrap_app_handling_exceptions(app, request)(scope, receive, send)
  File "D:\Maruti_workspace\rspl_Api\.venv\Lib\site-packages\starlette\_exception_handler.py", line 53, in wrapped_app
    raise exc
  File "D:\Maruti_workspace\rspl_Api\.venv\Lib\site-packages\starlette\_exception_handler.py", line 42, in wrapped_app
    await app(scope, receive, sender)
  File "D:\Maruti_workspace\rspl_Api\.venv\Lib\site-packages\starlette\routing.py", line 73, in app
    response = await f(request)
               ^^^^^^^^^^^^^^^^
  File "D:\Maruti_workspace\rspl_Api\.venv\Lib\site-packages\fastapi\routing.py", line 301, in app
    raw_response = await run_endpoint_function(
                   ^^^^^^^^^^^^^^^^^^^^^^^^^^^^
    ...<3 lines>...
    )
    ^
  File "D:\Maruti_workspace\rspl_Api\.venv\Lib\site-packages\fastapi\routing.py", line 214, in run_endpoint_function
    return await run_in_threadpool(dependant.call, **values)
           ^^^^^^^^^^^^^^^^^^^^^^^^^^^^^^^^^^^^^^^^^^^^^^^^^
  File "D:\Maruti_workspace\rspl_Api\.venv\Lib\site-packages\starlette\concurrency.py", line 39, in run_in_threadpool
    return await anyio.to_thread.run_sync(func, *args)
           ^^^^^^^^^^^^^^^^^^^^^^^^^^^^^^^^^^^^^^^^^^^
  File "D:\Maruti_workspace\rspl_Api\.venv\Lib\site-packages\anyio\to_thread.py", line 63, in run_sync
    return await get_async_backend().run_sync_in_worker_thread(
           ^^^^^^^^^^^^^^^^^^^^^^^^^^^^^^^^^^^^^^^^^^^^^^^^^^^^
        func, args, abandon_on_cancel=abandon_on_cancel, limiter=limiter
        ^^^^^^^^^^^^^^^^^^^^^^^^^^^^^^^^^^^^^^^^^^^^^^^^^^^^^^^^^^^^^^^^
    )
    ^
  File "D:\Maruti_workspace\rspl_Api\.venv\Lib\site-packages\anyio\_backends\_asyncio.py", line 2596, in run_sync_in_worker_thread
    return await future
           ^^^^^^^^^^^^
  File "D:\Maruti_workspace\rspl_Api\.venv\Lib\site-packages\anyio\_backends\_asyncio.py", line 1029, in run
    result = context.run(func, *args)
  File "D:\Maruti_workspace\rspl_Api\app\routers\support.py", line 245, in create_ticket
    voucher_no = master_rows[0]["Voucherno"]
                 ~~~~~~~~~~~~~~^^^^^^^^^^^^^
KeyError: 'Voucherno'
INFO:     127.0.0.1:50118 - "POST /support/tickets HTTP/1.1" 500 Internal Server Error
ERROR:    Exception in ASGI application
Traceback (most recent call last):
  File "D:\Maruti_workspace\rspl_Api\.venv\Lib\site-packages\uvicorn\protocols\http\httptools_impl.py", line 409, in run_asgi
    result = await app(  # type: ignore[func-returns-value]
             ^^^^^^^^^^^^^^^^^^^^^^^^^^^^^^^^^^^^^^^^^^^^^^
        self.scope, self.receive, self.send
        ^^^^^^^^^^^^^^^^^^^^^^^^^^^^^^^^^^^
    )
    ^
  File "D:\Maruti_workspace\rspl_Api\.venv\Lib\site-packages\uvicorn\middleware\proxy_headers.py", line 60, in __call__
    return await self.app(scope, receive, send)
           ^^^^^^^^^^^^^^^^^^^^^^^^^^^^^^^^^^^^
  File "D:\Maruti_workspace\rspl_Api\.venv\Lib\site-packages\fastapi\applications.py", line 1054, in __call__
    await super().__call__(scope, receive, send)
  File "D:\Maruti_workspace\rspl_Api\.venv\Lib\site-packages\starlette\applications.py", line 113, in __call__
    await self.middleware_stack(scope, receive, send)
  File "D:\Maruti_workspace\rspl_Api\.venv\Lib\site-packages\starlette\middleware\errors.py", line 187, in __call__
    raise exc
  File "D:\Maruti_workspace\rspl_Api\.venv\Lib\site-packages\starlette\middleware\errors.py", line 165, in __call__
    await self.app(scope, receive, _send)
  File "D:\Maruti_workspace\rspl_Api\.venv\Lib\site-packages\starlette\middleware\cors.py", line 93, in __call__
    await self.simple_response(scope, receive, send, request_headers=headers)
  File "D:\Maruti_workspace\rspl_Api\.venv\Lib\site-packages\starlette\middleware\cors.py", line 144, in simple_response
    await self.app(scope, receive, send)
  File "D:\Maruti_workspace\rspl_Api\.venv\Lib\site-packages\starlette\middleware\exceptions.py", line 62, in __call__
    await wrap_app_handling_exceptions(self.app, conn)(scope, receive, send)
  File "D:\Maruti_workspace\rspl_Api\.venv\Lib\site-packages\starlette\_exception_handler.py", line 53, in wrapped_app
    raise exc
  File "D:\Maruti_workspace\rspl_Api\.venv\Lib\site-packages\starlette\_exception_handler.py", line 42, in wrapped_app
    await app(scope, receive, sender)
  File "D:\Maruti_workspace\rspl_Api\.venv\Lib\site-packages\starlette\routing.py", line 715, in __call__
    await self.middleware_stack(scope, receive, send)
  File "D:\Maruti_workspace\rspl_Api\.venv\Lib\site-packages\starlette\routing.py", line 735, in app
    await route.handle(scope, receive, send)
  File "D:\Maruti_workspace\rspl_Api\.venv\Lib\site-packages\starlette\routing.py", line 288, in handle
    await self.app(scope, receive, send)
  File "D:\Maruti_workspace\rspl_Api\.venv\Lib\site-packages\starlette\routing.py", line 76, in app
    await wrap_app_handling_exceptions(app, request)(scope, receive, send)
  File "D:\Maruti_workspace\rspl_Api\.venv\Lib\site-packages\starlette\_exception_handler.py", line 53, in wrapped_app
    raise exc
  File "D:\Maruti_workspace\rspl_Api\.venv\Lib\site-packages\starlette\_exception_handler.py", line 42, in wrapped_app
    await app(scope, receive, sender)
  File "D:\Maruti_workspace\rspl_Api\.venv\Lib\site-packages\starlette\routing.py", line 73, in app
    response = await f(request)
               ^^^^^^^^^^^^^^^^
  File "D:\Maruti_workspace\rspl_Api\.venv\Lib\site-packages\fastapi\routing.py", line 301, in app
    raw_response = await run_endpoint_function(
                   ^^^^^^^^^^^^^^^^^^^^^^^^^^^^
    ...<3 lines>...
    )
    ^
  File "D:\Maruti_workspace\rspl_Api\.venv\Lib\site-packages\fastapi\routing.py", line 214, in run_endpoint_function
    return await run_in_threadpool(dependant.call, **values)
           ^^^^^^^^^^^^^^^^^^^^^^^^^^^^^^^^^^^^^^^^^^^^^^^^^
  File "D:\Maruti_workspace\rspl_Api\.venv\Lib\site-packages\starlette\concurrency.py", line 39, in run_in_threadpool
    return await anyio.to_thread.run_sync(func, *args)
           ^^^^^^^^^^^^^^^^^^^^^^^^^^^^^^^^^^^^^^^^^^^
  File "D:\Maruti_workspace\rspl_Api\.venv\Lib\site-packages\anyio\to_thread.py", line 63, in run_sync
    return await get_async_backend().run_sync_in_worker_thread(
           ^^^^^^^^^^^^^^^^^^^^^^^^^^^^^^^^^^^^^^^^^^^^^^^^^^^^
        func, args, abandon_on_cancel=abandon_on_cancel, limiter=limiter
        ^^^^^^^^^^^^^^^^^^^^^^^^^^^^^^^^^^^^^^^^^^^^^^^^^^^^^^^^^^^^^^^^
    )
    ^
  File "D:\Maruti_workspace\rspl_Api\.venv\Lib\site-packages\anyio\_backends\_asyncio.py", line 2596, in run_sync_in_worker_thread
    return await future
           ^^^^^^^^^^^^
  File "D:\Maruti_workspace\rspl_Api\.venv\Lib\site-packages\anyio\_backends\_asyncio.py", line 1029, in run
    result = context.run(func, *args)
  File "D:\Maruti_workspace\rspl_Api\app\routers\support.py", line 245, in create_ticket
    voucher_no = master_rows[0]["Voucherno"]
                 ~~~~~~~~~~~~~~^^^^^^^^^^^^^
KeyError: 'Voucherno'
INFO:     127.0.0.1:50121 - "POST /support/tickets HTTP/1.1" 500 Internal Server Error
ERROR:    Exception in ASGI application
Traceback (most recent call last):
  File "D:\Maruti_workspace\rspl_Api\.venv\Lib\site-packages\uvicorn\protocols\http\httptools_impl.py", line 409, in run_asgi
    result = await app(  # type: ignore[func-returns-value]
             ^^^^^^^^^^^^^^^^^^^^^^^^^^^^^^^^^^^^^^^^^^^^^^
        self.scope, self.receive, self.send
        ^^^^^^^^^^^^^^^^^^^^^^^^^^^^^^^^^^^
    )
    ^
  File "D:\Maruti_workspace\rspl_Api\.venv\Lib\site-packages\uvicorn\middleware\proxy_headers.py", line 60, in __call__
    return await self.app(scope, receive, send)
           ^^^^^^^^^^^^^^^^^^^^^^^^^^^^^^^^^^^^
  File "D:\Maruti_workspace\rspl_Api\.venv\Lib\site-packages\fastapi\applications.py", line 1054, in __call__
    await super().__call__(scope, receive, send)
  File "D:\Maruti_workspace\rspl_Api\.venv\Lib\site-packages\starlette\applications.py", line 113, in __call__
    await self.middleware_stack(scope, receive, send)
  File "D:\Maruti_workspace\rspl_Api\.venv\Lib\site-packages\starlette\middleware\errors.py", line 187, in __call__
    raise exc
  File "D:\Maruti_workspace\rspl_Api\.venv\Lib\site-packages\starlette\middleware\errors.py", line 165, in __call__
    await self.app(scope, receive, _send)
  File "D:\Maruti_workspace\rspl_Api\.venv\Lib\site-packages\starlette\middleware\cors.py", line 93, in __call__
    await self.simple_response(scope, receive, send, request_headers=headers)
  File "D:\Maruti_workspace\rspl_Api\.venv\Lib\site-packages\starlette\middleware\cors.py", line 144, in simple_response
    await self.app(scope, receive, send)
  File "D:\Maruti_workspace\rspl_Api\.venv\Lib\site-packages\starlette\middleware\exceptions.py", line 62, in __call__
    await wrap_app_handling_exceptions(self.app, conn)(scope, receive, send)
  File "D:\Maruti_workspace\rspl_Api\.venv\Lib\site-packages\starlette\_exception_handler.py", line 53, in wrapped_app
    raise exc
  File "D:\Maruti_workspace\rspl_Api\.venv\Lib\site-packages\starlette\_exception_handler.py", line 42, in wrapped_app
    await app(scope, receive, sender)
  File "D:\Maruti_workspace\rspl_Api\.venv\Lib\site-packages\starlette\routing.py", line 715, in __call__
    await self.middleware_stack(scope, receive, send)
  File "D:\Maruti_workspace\rspl_Api\.venv\Lib\site-packages\starlette\routing.py", line 735, in app
    await route.handle(scope, receive, send)
  File "D:\Maruti_workspace\rspl_Api\.venv\Lib\site-packages\starlette\routing.py", line 288, in handle
    await self.app(scope, receive, send)
  File "D:\Maruti_workspace\rspl_Api\.venv\Lib\site-packages\starlette\routing.py", line 76, in app
    await wrap_app_handling_exceptions(app, request)(scope, receive, send)
  File "D:\Maruti_workspace\rspl_Api\.venv\Lib\site-packages\starlette\_exception_handler.py", line 53, in wrapped_app
    raise exc
  File "D:\Maruti_workspace\rspl_Api\.venv\Lib\site-packages\starlette\_exception_handler.py", line 42, in wrapped_app
    await app(scope, receive, sender)
  File "D:\Maruti_workspace\rspl_Api\.venv\Lib\site-packages\starlette\routing.py", line 73, in app
    response = await f(request)
               ^^^^^^^^^^^^^^^^
  File "D:\Maruti_workspace\rspl_Api\.venv\Lib\site-packages\fastapi\routing.py", line 301, in app
    raw_response = await run_endpoint_function(
                   ^^^^^^^^^^^^^^^^^^^^^^^^^^^^
    ...<3 lines>...
    )
    ^
  File "D:\Maruti_workspace\rspl_Api\.venv\Lib\site-packages\fastapi\routing.py", line 214, in run_endpoint_function
    return await run_in_threadpool(dependant.call, **values)
           ^^^^^^^^^^^^^^^^^^^^^^^^^^^^^^^^^^^^^^^^^^^^^^^^^
  File "D:\Maruti_workspace\rspl_Api\.venv\Lib\site-packages\starlette\concurrency.py", line 39, in run_in_threadpool
    return await anyio.to_thread.run_sync(func, *args)
           ^^^^^^^^^^^^^^^^^^^^^^^^^^^^^^^^^^^^^^^^^^^
  File "D:\Maruti_workspace\rspl_Api\.venv\Lib\site-packages\anyio\to_thread.py", line 63, in run_sync
    return await get_async_backend().run_sync_in_worker_thread(
           ^^^^^^^^^^^^^^^^^^^^^^^^^^^^^^^^^^^^^^^^^^^^^^^^^^^^
        func, args, abandon_on_cancel=abandon_on_cancel, limiter=limiter
        ^^^^^^^^^^^^^^^^^^^^^^^^^^^^^^^^^^^^^^^^^^^^^^^^^^^^^^^^^^^^^^^^
    )
    ^
  File "D:\Maruti_workspace\rspl_Api\.venv\Lib\site-packages\anyio\_backends\_asyncio.py", line 2596, in run_sync_in_worker_thread
    return await future
           ^^^^^^^^^^^^
  File "D:\Maruti_workspace\rspl_Api\.venv\Lib\site-packages\anyio\_backends\_asyncio.py", line 1029, in run
    result = context.run(func, *args)
  File "D:\Maruti_workspace\rspl_Api\app\routers\support.py", line 245, in create_ticket
    voucher_no = master_rows[0]["Voucherno"]
                 ~~~~~~~~~~~~~~^^^^^^^^^^^^^
KeyError: 'Voucherno'
INFO:     127.0.0.1:50122 - "POST /support/tickets HTTP/1.1" 500 Internal Server Error
ERROR:    Exception in ASGI application
Traceback (most recent call last):
  File "D:\Maruti_workspace\rspl_Api\.venv\Lib\site-packages\uvicorn\protocols\http\httptools_impl.py", line 409, in run_asgi
    result = await app(  # type: ignore[func-returns-value]
             ^^^^^^^^^^^^^^^^^^^^^^^^^^^^^^^^^^^^^^^^^^^^^^
        self.scope, self.receive, self.send
        ^^^^^^^^^^^^^^^^^^^^^^^^^^^^^^^^^^^
    )
    ^
  File "D:\Maruti_workspace\rspl_Api\.venv\Lib\site-packages\uvicorn\middleware\proxy_headers.py", line 60, in __call__
    return await self.app(scope, receive, send)
           ^^^^^^^^^^^^^^^^^^^^^^^^^^^^^^^^^^^^
  File "D:\Maruti_workspace\rspl_Api\.venv\Lib\site-packages\fastapi\applications.py", line 1054, in __call__
    await super().__call__(scope, receive, send)
  File "D:\Maruti_workspace\rspl_Api\.venv\Lib\site-packages\starlette\applications.py", line 113, in __call__
    await self.middleware_stack(scope, receive, send)
  File "D:\Maruti_workspace\rspl_Api\.venv\Lib\site-packages\starlette\middleware\errors.py", line 187, in __call__
    raise exc
  File "D:\Maruti_workspace\rspl_Api\.venv\Lib\site-packages\starlette\middleware\errors.py", line 165, in __call__
    await self.app(scope, receive, _send)
  File "D:\Maruti_workspace\rspl_Api\.venv\Lib\site-packages\starlette\middleware\cors.py", line 93, in __call__
    await self.simple_response(scope, receive, send, request_headers=headers)
  File "D:\Maruti_workspace\rspl_Api\.venv\Lib\site-packages\starlette\middleware\cors.py", line 144, in simple_response
    await self.app(scope, receive, send)
  File "D:\Maruti_workspace\rspl_Api\.venv\Lib\site-packages\starlette\middleware\exceptions.py", line 62, in __call__
    await wrap_app_handling_exceptions(self.app, conn)(scope, receive, send)
  File "D:\Maruti_workspace\rspl_Api\.venv\Lib\site-packages\starlette\_exception_handler.py", line 53, in wrapped_app
    raise exc
  File "D:\Maruti_workspace\rspl_Api\.venv\Lib\site-packages\starlette\_exception_handler.py", line 42, in wrapped_app
    await app(scope, receive, sender)
  File "D:\Maruti_workspace\rspl_Api\.venv\Lib\site-packages\starlette\routing.py", line 715, in __call__
    await self.middleware_stack(scope, receive, send)
  File "D:\Maruti_workspace\rspl_Api\.venv\Lib\site-packages\starlette\routing.py", line 735, in app
    await route.handle(scope, receive, send)
  File "D:\Maruti_workspace\rspl_Api\.venv\Lib\site-packages\starlette\routing.py", line 288, in handle
    await self.app(scope, receive, send)
  File "D:\Maruti_workspace\rspl_Api\.venv\Lib\site-packages\starlette\routing.py", line 76, in app
    await wrap_app_handling_exceptions(app, request)(scope, receive, send)
  File "D:\Maruti_workspace\rspl_Api\.venv\Lib\site-packages\starlette\_exception_handler.py", line 53, in wrapped_app
    raise exc
  File "D:\Maruti_workspace\rspl_Api\.venv\Lib\site-packages\starlette\_exception_handler.py", line 42, in wrapped_app
    await app(scope, receive, sender)
  File "D:\Maruti_workspace\rspl_Api\.venv\Lib\site-packages\starlette\routing.py", line 73, in app
    response = await f(request)
               ^^^^^^^^^^^^^^^^
  File "D:\Maruti_workspace\rspl_Api\.venv\Lib\site-packages\fastapi\routing.py", line 301, in app
    raw_response = await run_endpoint_function(
                   ^^^^^^^^^^^^^^^^^^^^^^^^^^^^
    ...<3 lines>...
    )
    ^
  File "D:\Maruti_workspace\rspl_Api\.venv\Lib\site-packages\fastapi\routing.py", line 214, in run_endpoint_function
    return await run_in_threadpool(dependant.call, **values)
           ^^^^^^^^^^^^^^^^^^^^^^^^^^^^^^^^^^^^^^^^^^^^^^^^^
  File "D:\Maruti_workspace\rspl_Api\.venv\Lib\site-packages\starlette\concurrency.py", line 39, in run_in_threadpool
    return await anyio.to_thread.run_sync(func, *args)
           ^^^^^^^^^^^^^^^^^^^^^^^^^^^^^^^^^^^^^^^^^^^
  File "D:\Maruti_workspace\rspl_Api\.venv\Lib\site-packages\anyio\to_thread.py", line 63, in run_sync
    return await get_async_backend().run_sync_in_worker_thread(
           ^^^^^^^^^^^^^^^^^^^^^^^^^^^^^^^^^^^^^^^^^^^^^^^^^^^^
        func, args, abandon_on_cancel=abandon_on_cancel, limiter=limiter
        ^^^^^^^^^^^^^^^^^^^^^^^^^^^^^^^^^^^^^^^^^^^^^^^^^^^^^^^^^^^^^^^^
    )
    ^
  File "D:\Maruti_workspace\rspl_Api\.venv\Lib\site-packages\anyio\_backends\_asyncio.py", line 2596, in run_sync_in_worker_thread
    return await future
           ^^^^^^^^^^^^
  File "D:\Maruti_workspace\rspl_Api\.venv\Lib\site-packages\anyio\_backends\_asyncio.py", line 1029, in run
    result = context.run(func, *args)
  File "D:\Maruti_workspace\rspl_Api\app\routers\support.py", line 245, in create_ticket
    voucher_no = master_rows[0]["Voucherno"]
                 ~~~~~~~~~~~~~~^^^^^^^^^^^^^
KeyError: 'Voucherno'
INFO:     127.0.0.1:50126 - "POST /support/tickets HTTP/1.1" 500 Internal Server Error
ERROR:    Exception in ASGI application
Traceback (most recent call last):
  File "D:\Maruti_workspace\rspl_Api\.venv\Lib\site-packages\uvicorn\protocols\http\httptools_impl.py", line 409, in run_asgi
    result = await app(  # type: ignore[func-returns-value]
             ^^^^^^^^^^^^^^^^^^^^^^^^^^^^^^^^^^^^^^^^^^^^^^
        self.scope, self.receive, self.send
        ^^^^^^^^^^^^^^^^^^^^^^^^^^^^^^^^^^^
    )
    ^
  File "D:\Maruti_workspace\rspl_Api\.venv\Lib\site-packages\uvicorn\middleware\proxy_headers.py", line 60, in __call__
    return await self.app(scope, receive, send)
           ^^^^^^^^^^^^^^^^^^^^^^^^^^^^^^^^^^^^
  File "D:\Maruti_workspace\rspl_Api\.venv\Lib\site-packages\fastapi\applications.py", line 1054, in __call__
    await super().__call__(scope, receive, send)
  File "D:\Maruti_workspace\rspl_Api\.venv\Lib\site-packages\starlette\applications.py", line 113, in __call__
    await self.middleware_stack(scope, receive, send)
  File "D:\Maruti_workspace\rspl_Api\.venv\Lib\site-packages\starlette\middleware\errors.py", line 187, in __call__
    raise exc
  File "D:\Maruti_workspace\rspl_Api\.venv\Lib\site-packages\starlette\middleware\errors.py", line 165, in __call__
    await self.app(scope, receive, _send)
  File "D:\Maruti_workspace\rspl_Api\.venv\Lib\site-packages\starlette\middleware\cors.py", line 93, in __call__
    await self.simple_response(scope, receive, send, request_headers=headers)
  File "D:\Maruti_workspace\rspl_Api\.venv\Lib\site-packages\starlette\middleware\cors.py", line 144, in simple_response
    await self.app(scope, receive, send)
  File "D:\Maruti_workspace\rspl_Api\.venv\Lib\site-packages\starlette\middleware\exceptions.py", line 62, in __call__
    await wrap_app_handling_exceptions(self.app, conn)(scope, receive, send)
  File "D:\Maruti_workspace\rspl_Api\.venv\Lib\site-packages\starlette\_exception_handler.py", line 53, in wrapped_app
    raise exc
  File "D:\Maruti_workspace\rspl_Api\.venv\Lib\site-packages\starlette\_exception_handler.py", line 42, in wrapped_app
    await app(scope, receive, sender)
  File "D:\Maruti_workspace\rspl_Api\.venv\Lib\site-packages\starlette\routing.py", line 715, in __call__
    await self.middleware_stack(scope, receive, send)
  File "D:\Maruti_workspace\rspl_Api\.venv\Lib\site-packages\starlette\routing.py", line 735, in app
    await route.handle(scope, receive, send)
  File "D:\Maruti_workspace\rspl_Api\.venv\Lib\site-packages\starlette\routing.py", line 288, in handle
    await self.app(scope, receive, send)
  File "D:\Maruti_workspace\rspl_Api\.venv\Lib\site-packages\starlette\routing.py", line 76, in app
    await wrap_app_handling_exceptions(app, request)(scope, receive, send)
  File "D:\Maruti_workspace\rspl_Api\.venv\Lib\site-packages\starlette\_exception_handler.py", line 53, in wrapped_app
    raise exc
  File "D:\Maruti_workspace\rspl_Api\.venv\Lib\site-packages\starlette\_exception_handler.py", line 42, in wrapped_app
    await app(scope, receive, sender)
  File "D:\Maruti_workspace\rspl_Api\.venv\Lib\site-packages\starlette\routing.py", line 73, in app
    response = await f(request)
               ^^^^^^^^^^^^^^^^
  File "D:\Maruti_workspace\rspl_Api\.venv\Lib\site-packages\fastapi\routing.py", line 301, in app
    raw_response = await run_endpoint_function(
                   ^^^^^^^^^^^^^^^^^^^^^^^^^^^^
    ...<3 lines>...
    )
    ^
  File "D:\Maruti_workspace\rspl_Api\.venv\Lib\site-packages\fastapi\routing.py", line 214, in run_endpoint_function
    return await run_in_threadpool(dependant.call, **values)
           ^^^^^^^^^^^^^^^^^^^^^^^^^^^^^^^^^^^^^^^^^^^^^^^^^
  File "D:\Maruti_workspace\rspl_Api\.venv\Lib\site-packages\starlette\concurrency.py", line 39, in run_in_threadpool
    return await anyio.to_thread.run_sync(func, *args)
           ^^^^^^^^^^^^^^^^^^^^^^^^^^^^^^^^^^^^^^^^^^^
  File "D:\Maruti_workspace\rspl_Api\.venv\Lib\site-packages\anyio\to_thread.py", line 63, in run_sync
    return await get_async_backend().run_sync_in_worker_thread(
           ^^^^^^^^^^^^^^^^^^^^^^^^^^^^^^^^^^^^^^^^^^^^^^^^^^^^
        func, args, abandon_on_cancel=abandon_on_cancel, limiter=limiter
        ^^^^^^^^^^^^^^^^^^^^^^^^^^^^^^^^^^^^^^^^^^^^^^^^^^^^^^^^^^^^^^^^
    )
    ^
  File "D:\Maruti_workspace\rspl_Api\.venv\Lib\site-packages\anyio\_backends\_asyncio.py", line 2596, in run_sync_in_worker_thread
    return await future
           ^^^^^^^^^^^^
  File "D:\Maruti_workspace\rspl_Api\.venv\Lib\site-packages\anyio\_backends\_asyncio.py", line 1029, in run
    result = context.run(func, *args)
  File "D:\Maruti_workspace\rspl_Api\app\routers\support.py", line 245, in create_ticket
    voucher_no = master_rows[0]["Voucherno"]
                 ~~~~~~~~~~~~~~^^^^^^^^^^^^^
KeyError: 'Voucherno'
INFO:     127.0.0.1:50127 - "POST /support/tickets HTTP/1.1" 500 Internal Server Error
ERROR:    Exception in ASGI application
Traceback (most recent call last):
  File "D:\Maruti_workspace\rspl_Api\.venv\Lib\site-packages\uvicorn\protocols\http\httptools_impl.py", line 409, in run_asgi
    result = await app(  # type: ignore[func-returns-value]
             ^^^^^^^^^^^^^^^^^^^^^^^^^^^^^^^^^^^^^^^^^^^^^^
        self.scope, self.receive, self.send
        ^^^^^^^^^^^^^^^^^^^^^^^^^^^^^^^^^^^
    )
    ^
  File "D:\Maruti_workspace\rspl_Api\.venv\Lib\site-packages\uvicorn\middleware\proxy_headers.py", line 60, in __call__
    return await self.app(scope, receive, send)
           ^^^^^^^^^^^^^^^^^^^^^^^^^^^^^^^^^^^^
  File "D:\Maruti_workspace\rspl_Api\.venv\Lib\site-packages\fastapi\applications.py", line 1054, in __call__
    await super().__call__(scope, receive, send)
  File "D:\Maruti_workspace\rspl_Api\.venv\Lib\site-packages\starlette\applications.py", line 113, in __call__
    await self.middleware_stack(scope, receive, send)
  File "D:\Maruti_workspace\rspl_Api\.venv\Lib\site-packages\starlette\middleware\errors.py", line 187, in __call__
    raise exc
  File "D:\Maruti_workspace\rspl_Api\.venv\Lib\site-packages\starlette\middleware\errors.py", line 165, in __call__
    await self.app(scope, receive, _send)
  File "D:\Maruti_workspace\rspl_Api\.venv\Lib\site-packages\starlette\middleware\cors.py", line 93, in __call__
    await self.simple_response(scope, receive, send, request_headers=headers)
  File "D:\Maruti_workspace\rspl_Api\.venv\Lib\site-packages\starlette\middleware\cors.py", line 144, in simple_response
    await self.app(scope, receive, send)
  File "D:\Maruti_workspace\rspl_Api\.venv\Lib\site-packages\starlette\middleware\exceptions.py", line 62, in __call__
    await wrap_app_handling_exceptions(self.app, conn)(scope, receive, send)
  File "D:\Maruti_workspace\rspl_Api\.venv\Lib\site-packages\starlette\_exception_handler.py", line 53, in wrapped_app
    raise exc
  File "D:\Maruti_workspace\rspl_Api\.venv\Lib\site-packages\starlette\_exception_handler.py", line 42, in wrapped_app
    await app(scope, receive, sender)
  File "D:\Maruti_workspace\rspl_Api\.venv\Lib\site-packages\starlette\routing.py", line 715, in __call__
    await self.middleware_stack(scope, receive, send)
  File "D:\Maruti_workspace\rspl_Api\.venv\Lib\site-packages\starlette\routing.py", line 735, in app
    await route.handle(scope, receive, send)
  File "D:\Maruti_workspace\rspl_Api\.venv\Lib\site-packages\starlette\routing.py", line 288, in handle
    await self.app(scope, receive, send)
  File "D:\Maruti_workspace\rspl_Api\.venv\Lib\site-packages\starlette\routing.py", line 76, in app
    await wrap_app_handling_exceptions(app, request)(scope, receive, send)
  File "D:\Maruti_workspace\rspl_Api\.venv\Lib\site-packages\starlette\_exception_handler.py", line 53, in wrapped_app
    raise exc
  File "D:\Maruti_workspace\rspl_Api\.venv\Lib\site-packages\starlette\_exception_handler.py", line 42, in wrapped_app
    await app(scope, receive, sender)
  File "D:\Maruti_workspace\rspl_Api\.venv\Lib\site-packages\starlette\routing.py", line 73, in app
    response = await f(request)
               ^^^^^^^^^^^^^^^^
  File "D:\Maruti_workspace\rspl_Api\.venv\Lib\site-packages\fastapi\routing.py", line 301, in app
    raw_response = await run_endpoint_function(
                   ^^^^^^^^^^^^^^^^^^^^^^^^^^^^
    ...<3 lines>...
    )
    ^
  File "D:\Maruti_workspace\rspl_Api\.venv\Lib\site-packages\fastapi\routing.py", line 214, in run_endpoint_function
    return await run_in_threadpool(dependant.call, **values)
           ^^^^^^^^^^^^^^^^^^^^^^^^^^^^^^^^^^^^^^^^^^^^^^^^^
  File "D:\Maruti_workspace\rspl_Api\.venv\Lib\site-packages\starlette\concurrency.py", line 39, in run_in_threadpool
    return await anyio.to_thread.run_sync(func, *args)
           ^^^^^^^^^^^^^^^^^^^^^^^^^^^^^^^^^^^^^^^^^^^
  File "D:\Maruti_workspace\rspl_Api\.venv\Lib\site-packages\anyio\to_thread.py", line 63, in run_sync
    return await get_async_backend().run_sync_in_worker_thread(
           ^^^^^^^^^^^^^^^^^^^^^^^^^^^^^^^^^^^^^^^^^^^^^^^^^^^^
        func, args, abandon_on_cancel=abandon_on_cancel, limiter=limiter
        ^^^^^^^^^^^^^^^^^^^^^^^^^^^^^^^^^^^^^^^^^^^^^^^^^^^^^^^^^^^^^^^^
    )
    ^
  File "D:\Maruti_workspace\rspl_Api\.venv\Lib\site-packages\anyio\_backends\_asyncio.py", line 2596, in run_sync_in_worker_thread
    return await future
           ^^^^^^^^^^^^
  File "D:\Maruti_workspace\rspl_Api\.venv\Lib\site-packages\anyio\_backends\_asyncio.py", line 1029, in run
    result = context.run(func, *args)
  File "D:\Maruti_workspace\rspl_Api\app\routers\support.py", line 245, in create_ticket
    voucher_no = master_rows[0]["Voucherno"]
                 ~~~~~~~~~~~~~~^^^^^^^^^^^^^
KeyError: 'Voucherno'
INFO:     127.0.0.1:50130 - "POST /support/tickets HTTP/1.1" 500 Internal Server Error
ERROR:    Exception in ASGI application
Traceback (most recent call last):
  File "D:\Maruti_workspace\rspl_Api\.venv\Lib\site-packages\uvicorn\protocols\http\httptools_impl.py", line 409, in run_asgi
    result = await app(  # type: ignore[func-returns-value]
             ^^^^^^^^^^^^^^^^^^^^^^^^^^^^^^^^^^^^^^^^^^^^^^
        self.scope, self.receive, self.send
        ^^^^^^^^^^^^^^^^^^^^^^^^^^^^^^^^^^^
    )
    ^
  File "D:\Maruti_workspace\rspl_Api\.venv\Lib\site-packages\uvicorn\middleware\proxy_headers.py", line 60, in __call__
    return await self.app(scope, receive, send)
           ^^^^^^^^^^^^^^^^^^^^^^^^^^^^^^^^^^^^
  File "D:\Maruti_workspace\rspl_Api\.venv\Lib\site-packages\fastapi\applications.py", line 1054, in __call__
    await super().__call__(scope, receive, send)
  File "D:\Maruti_workspace\rspl_Api\.venv\Lib\site-packages\starlette\applications.py", line 113, in __call__
    await self.middleware_stack(scope, receive, send)
  File "D:\Maruti_workspace\rspl_Api\.venv\Lib\site-packages\starlette\middleware\errors.py", line 187, in __call__
    raise exc
  File "D:\Maruti_workspace\rspl_Api\.venv\Lib\site-packages\starlette\middleware\errors.py", line 165, in __call__
    await self.app(scope, receive, _send)
  File "D:\Maruti_workspace\rspl_Api\.venv\Lib\site-packages\starlette\middleware\cors.py", line 93, in __call__
    await self.simple_response(scope, receive, send, request_headers=headers)
  File "D:\Maruti_workspace\rspl_Api\.venv\Lib\site-packages\starlette\middleware\cors.py", line 144, in simple_response
    await self.app(scope, receive, send)
  File "D:\Maruti_workspace\rspl_Api\.venv\Lib\site-packages\starlette\middleware\exceptions.py", line 62, in __call__
    await wrap_app_handling_exceptions(self.app, conn)(scope, receive, send)
  File "D:\Maruti_workspace\rspl_Api\.venv\Lib\site-packages\starlette\_exception_handler.py", line 53, in wrapped_app
    raise exc
  File "D:\Maruti_workspace\rspl_Api\.venv\Lib\site-packages\starlette\_exception_handler.py", line 42, in wrapped_app
    await app(scope, receive, sender)
  File "D:\Maruti_workspace\rspl_Api\.venv\Lib\site-packages\starlette\routing.py", line 715, in __call__
    await self.middleware_stack(scope, receive, send)
  File "D:\Maruti_workspace\rspl_Api\.venv\Lib\site-packages\starlette\routing.py", line 735, in app
    await route.handle(scope, receive, send)
  File "D:\Maruti_workspace\rspl_Api\.venv\Lib\site-packages\starlette\routing.py", line 288, in handle
    await self.app(scope, receive, send)
  File "D:\Maruti_workspace\rspl_Api\.venv\Lib\site-packages\starlette\routing.py", line 76, in app
    await wrap_app_handling_exceptions(app, request)(scope, receive, send)
  File "D:\Maruti_workspace\rspl_Api\.venv\Lib\site-packages\starlette\_exception_handler.py", line 53, in wrapped_app
    raise exc
  File "D:\Maruti_workspace\rspl_Api\.venv\Lib\site-packages\starlette\_exception_handler.py", line 42, in wrapped_app
    await app(scope, receive, sender)
  File "D:\Maruti_workspace\rspl_Api\.venv\Lib\site-packages\starlette\routing.py", line 73, in app
    response = await f(request)
               ^^^^^^^^^^^^^^^^
  File "D:\Maruti_workspace\rspl_Api\.venv\Lib\site-packages\fastapi\routing.py", line 301, in app
    raw_response = await run_endpoint_function(
                   ^^^^^^^^^^^^^^^^^^^^^^^^^^^^
    ...<3 lines>...
    )
    ^
  File "D:\Maruti_workspace\rspl_Api\.venv\Lib\site-packages\fastapi\routing.py", line 214, in run_endpoint_function
    return await run_in_threadpool(dependant.call, **values)
           ^^^^^^^^^^^^^^^^^^^^^^^^^^^^^^^^^^^^^^^^^^^^^^^^^
  File "D:\Maruti_workspace\rspl_Api\.venv\Lib\site-packages\starlette\concurrency.py", line 39, in run_in_threadpool
    return await anyio.to_thread.run_sync(func, *args)
           ^^^^^^^^^^^^^^^^^^^^^^^^^^^^^^^^^^^^^^^^^^^
  File "D:\Maruti_workspace\rspl_Api\.venv\Lib\site-packages\anyio\to_thread.py", line 63, in run_sync
    return await get_async_backend().run_sync_in_worker_thread(
           ^^^^^^^^^^^^^^^^^^^^^^^^^^^^^^^^^^^^^^^^^^^^^^^^^^^^
        func, args, abandon_on_cancel=abandon_on_cancel, limiter=limiter
        ^^^^^^^^^^^^^^^^^^^^^^^^^^^^^^^^^^^^^^^^^^^^^^^^^^^^^^^^^^^^^^^^
    )
    ^
  File "D:\Maruti_workspace\rspl_Api\.venv\Lib\site-packages\anyio\_backends\_asyncio.py", line 2596, in run_sync_in_worker_thread
    return await future
           ^^^^^^^^^^^^
  File "D:\Maruti_workspace\rspl_Api\.venv\Lib\site-packages\anyio\_backends\_asyncio.py", line 1029, in run
    result = context.run(func, *args)
  File "D:\Maruti_workspace\rspl_Api\app\routers\support.py", line 245, in create_ticket
    voucher_no = master_rows[0]["Voucherno"]
                 ~~~~~~~~~~~~~~^^^^^^^^^^^^^
KeyError: 'Voucherno'
INFO:     127.0.0.1:50131 - "POST /support/tickets HTTP/1.1" 500 Internal Server Error
ERROR:    Exception in ASGI application
Traceback (most recent call last):
  File "D:\Maruti_workspace\rspl_Api\.venv\Lib\site-packages\uvicorn\protocols\http\httptools_impl.py", line 409, in run_asgi
    result = await app(  # type: ignore[func-returns-value]
             ^^^^^^^^^^^^^^^^^^^^^^^^^^^^^^^^^^^^^^^^^^^^^^
        self.scope, self.receive, self.send
        ^^^^^^^^^^^^^^^^^^^^^^^^^^^^^^^^^^^
    )
    ^
  File "D:\Maruti_workspace\rspl_Api\.venv\Lib\site-packages\uvicorn\middleware\proxy_headers.py", line 60, in __call__
    return await self.app(scope, receive, send)
           ^^^^^^^^^^^^^^^^^^^^^^^^^^^^^^^^^^^^
  File "D:\Maruti_workspace\rspl_Api\.venv\Lib\site-packages\fastapi\applications.py", line 1054, in __call__
    await super().__call__(scope, receive, send)
  File "D:\Maruti_workspace\rspl_Api\.venv\Lib\site-packages\starlette\applications.py", line 113, in __call__
    await self.middleware_stack(scope, receive, send)
  File "D:\Maruti_workspace\rspl_Api\.venv\Lib\site-packages\starlette\middleware\errors.py", line 187, in __call__
    raise exc
  File "D:\Maruti_workspace\rspl_Api\.venv\Lib\site-packages\starlette\middleware\errors.py", line 165, in __call__
    await self.app(scope, receive, _send)
  File "D:\Maruti_workspace\rspl_Api\.venv\Lib\site-packages\starlette\middleware\cors.py", line 93, in __call__
    await self.simple_response(scope, receive, send, request_headers=headers)
  File "D:\Maruti_workspace\rspl_Api\.venv\Lib\site-packages\starlette\middleware\cors.py", line 144, in simple_response
    await self.app(scope, receive, send)
  File "D:\Maruti_workspace\rspl_Api\.venv\Lib\site-packages\starlette\middleware\exceptions.py", line 62, in __call__
    await wrap_app_handling_exceptions(self.app, conn)(scope, receive, send)
  File "D:\Maruti_workspace\rspl_Api\.venv\Lib\site-packages\starlette\_exception_handler.py", line 53, in wrapped_app
    raise exc
  File "D:\Maruti_workspace\rspl_Api\.venv\Lib\site-packages\starlette\_exception_handler.py", line 42, in wrapped_app
    await app(scope, receive, sender)
  File "D:\Maruti_workspace\rspl_Api\.venv\Lib\site-packages\starlette\routing.py", line 715, in __call__
    await self.middleware_stack(scope, receive, send)
  File "D:\Maruti_workspace\rspl_Api\.venv\Lib\site-packages\starlette\routing.py", line 735, in app
    await route.handle(scope, receive, send)
  File "D:\Maruti_workspace\rspl_Api\.venv\Lib\site-packages\starlette\routing.py", line 288, in handle
    await self.app(scope, receive, send)
  File "D:\Maruti_workspace\rspl_Api\.venv\Lib\site-packages\starlette\routing.py", line 76, in app
    await wrap_app_handling_exceptions(app, request)(scope, receive, send)
  File "D:\Maruti_workspace\rspl_Api\.venv\Lib\site-packages\starlette\_exception_handler.py", line 53, in wrapped_app
    raise exc
  File "D:\Maruti_workspace\rspl_Api\.venv\Lib\site-packages\starlette\_exception_handler.py", line 42, in wrapped_app
    await app(scope, receive, sender)
  File "D:\Maruti_workspace\rspl_Api\.venv\Lib\site-packages\starlette\routing.py", line 73, in app
    response = await f(request)
               ^^^^^^^^^^^^^^^^
  File "D:\Maruti_workspace\rspl_Api\.venv\Lib\site-packages\fastapi\routing.py", line 301, in app
    raw_response = await run_endpoint_function(
                   ^^^^^^^^^^^^^^^^^^^^^^^^^^^^
    ...<3 lines>...
    )
    ^
  File "D:\Maruti_workspace\rspl_Api\.venv\Lib\site-packages\fastapi\routing.py", line 214, in run_endpoint_function
    return await run_in_threadpool(dependant.call, **values)
           ^^^^^^^^^^^^^^^^^^^^^^^^^^^^^^^^^^^^^^^^^^^^^^^^^
  File "D:\Maruti_workspace\rspl_Api\.venv\Lib\site-packages\starlette\concurrency.py", line 39, in run_in_threadpool
    return await anyio.to_thread.run_sync(func, *args)
           ^^^^^^^^^^^^^^^^^^^^^^^^^^^^^^^^^^^^^^^^^^^
  File "D:\Maruti_workspace\rspl_Api\.venv\Lib\site-packages\anyio\to_thread.py", line 63, in run_sync
    return await get_async_backend().run_sync_in_worker_thread(
           ^^^^^^^^^^^^^^^^^^^^^^^^^^^^^^^^^^^^^^^^^^^^^^^^^^^^
        func, args, abandon_on_cancel=abandon_on_cancel, limiter=limiter
        ^^^^^^^^^^^^^^^^^^^^^^^^^^^^^^^^^^^^^^^^^^^^^^^^^^^^^^^^^^^^^^^^
    )
    ^
  File "D:\Maruti_workspace\rspl_Api\.venv\Lib\site-packages\anyio\_backends\_asyncio.py", line 2596, in run_sync_in_worker_thread
    return await future
           ^^^^^^^^^^^^
  File "D:\Maruti_workspace\rspl_Api\.venv\Lib\site-packages\anyio\_backends\_asyncio.py", line 1029, in run
    result = context.run(func, *args)
  File "D:\Maruti_workspace\rspl_Api\app\routers\support.py", line 245, in create_ticket
    voucher_no = master_rows[0]["Voucherno"]
                 ~~~~~~~~~~~~~~^^^^^^^^^^^^^
KeyError: 'Voucherno'
INFO:     127.0.0.1:50135 - "GET /support/customer-info?cust_id=0 HTTP/1.1" 200 OK
INFO:     127.0.0.1:50136 - "OPTIONS /support/modules-data?field_name=ViewAction&cust_id=0 HTTP/1.1" 200 OK
INFO:     127.0.0.1:50136 - "GET /support/modules-data?field_name=ViewAction&cust_id=0 HTTP/1.1" 200 OK
INFO:     127.0.0.1:50159 - "GET /support/modules-data?field_name=ViewAction&cust_id=0 HTTP/1.1" 200 OK
INFO:     127.0.0.1:50159 - "GET /support/modules-data?field_name=ViewAction&cust_id=0 HTTP/1.1" 200 OK
INFO:     127.0.0.1:50160 - "GET /support/modules-data?field_name=ViewAction&cust_id=0 HTTP/1.1" 200 OK
INFO:     127.0.0.1:50160 - "GET /support/modules-data?field_name=ViewAction&cust_id=0 HTTP/1.1" 200 OK
INFO:     127.0.0.1:50175 - "GET /support/modules-data?field_name=ViewAction&cust_id=0 HTTP/1.1" 200 OK
INFO:     127.0.0.1:50175 - "GET /support/modules-data?field_name=ViewAction&cust_id=0 HTTP/1.1" 200 OK
INFO:     127.0.0.1:50196 - "GET /support/modules-data?field_name=ViewAction&cust_id=0 HTTP/1.1" 200 OK
INFO:     127.0.0.1:50198 - "GET /support/modules-data?field_name=ViewAction&cust_id=0 HTTP/1.1" 200 OK
INFO:     127.0.0.1:50198 - "GET /support/modules-data?field_name=ViewAction&cust_id=0 HTTP/1.1" 200 OK
INFO:     127.0.0.1:50212 - "GET /support/modules-data?field_name=ViewAction&cust_id=0 HTTP/1.1" 200 OK
INFO:     127.0.0.1:50236 - "OPTIONS /support/modules-data?field_name=ViewAction&cust_id=0 HTTP/1.1" 200 OK
INFO:     127.0.0.1:50236 - "GET /support/modules-data?field_name=ViewAction&cust_id=0 HTTP/1.1" 200 OK
INFO:     127.0.0.1:50282 - "OPTIONS /auth/login HTTP/1.1" 200 OK
INFO:     127.0.0.1:50282 - "POST /auth/login HTTP/1.1" 401 Unauthorized
INFO:     127.0.0.1:50282 - "POST /auth/login HTTP/1.1" 200 OK
INFO:     127.0.0.1:50282 - "OPTIONS /support/customers?search= HTTP/1.1" 200 OK
INFO:     127.0.0.1:50283 - "OPTIONS /support/salesmen HTTP/1.1" 200 OK
INFO:     127.0.0.1:50282 - "OPTIONS /support/next-persons HTTP/1.1" 200 OK
INFO:     127.0.0.1:50283 - "OPTIONS /support/priorities HTTP/1.1" 200 OK
INFO:     127.0.0.1:50282 - "OPTIONS /support/modules HTTP/1.1" 200 OK
INFO:     127.0.0.1:50283 - "OPTIONS /support/customer-info?cust_id=0 HTTP/1.1" 200 OK
INFO:     127.0.0.1:50282 - "GET /support/salesmen HTTP/1.1" 200 OK
INFO:     127.0.0.1:50283 - "GET /support/customers?search= HTTP/1.1" 200 OK
INFO:     127.0.0.1:50282 - "GET /support/next-persons HTTP/1.1" 200 OK
INFO:     127.0.0.1:50282 - "GET /support/modules HTTP/1.1" 200 OK
INFO:     127.0.0.1:50283 - "GET /support/priorities HTTP/1.1" 200 OK
INFO:     127.0.0.1:50291 - "GET /support/customer-info?cust_id=0 HTTP/1.1" 200 OK
INFO:     127.0.0.1:50291 - "OPTIONS /support/modules-data?field_name=ViewAction&cust_id=0 HTTP/1.1" 200 OK
INFO:     127.0.0.1:50291 - "GET /support/modules-data?field_name=ViewAction&cust_id=0 HTTP/1.1" 200 OK
INFO:     127.0.0.1:50283 - "GET /support/salesmen HTTP/1.1" 200 OK
INFO:     127.0.0.1:50282 - "GET /support/next-persons HTTP/1.1" 200 OK
INFO:     127.0.0.1:50293 - "GET /support/modules HTTP/1.1" 200 OK
INFO:     127.0.0.1:50291 - "GET /support/customers?search= HTTP/1.1" 200 OK
INFO:     127.0.0.1:50294 - "GET /support/customer-info?cust_id=0 HTTP/1.1" 200 OK
INFO:     127.0.0.1:50292 - "GET /support/priorities HTTP/1.1" 200 OK
INFO:     127.0.0.1:50292 - "OPTIONS /support/customer-info?cust_id=66125 HTTP/1.1" 200 OK
INFO:     127.0.0.1:50294 - "OPTIONS /support/pending-tickets?cust_id=66125 HTTP/1.1" 200 OK
INFO:     127.0.0.1:50291 - "OPTIONS /support/closed-tickets?cust_id=66125 HTTP/1.1" 200 OK
INFO:     127.0.0.1:50292 - "GET /support/closed-tickets?cust_id=66125 HTTP/1.1" 200 OK
INFO:     127.0.0.1:50294 - "GET /support/pending-tickets?cust_id=66125 HTTP/1.1" 200 OK
INFO:     127.0.0.1:50291 - "GET /support/customer-info?cust_id=66125 HTTP/1.1" 200 OK
INFO:     127.0.0.1:50291 - "OPTIONS /support/modules-data?field_name=ViewAction&cust_id=66125 HTTP/1.1" 200 OK
INFO:     127.0.0.1:50291 - "GET /support/modules-data?field_name=ViewAction&cust_id=66125 HTTP/1.1" 200 OK
INFO:     127.0.0.1:50294 - "GET /support/salesmen HTTP/1.1" 200 OK
INFO:     127.0.0.1:50291 - "GET /support/customers?search= HTTP/1.1" 200 OK
INFO:     127.0.0.1:50294 - "GET /support/priorities HTTP/1.1" 200 OK
INFO:     127.0.0.1:50298 - "GET /support/pending-tickets?cust_id=66125 HTTP/1.1" 200 OK
INFO:     127.0.0.1:50292 - "GET /support/next-persons HTTP/1.1" 200 OK
INFO:     127.0.0.1:50291 - "GET /support/closed-tickets?cust_id=66125 HTTP/1.1" 500 Internal Server Error
ERROR:    Exception in ASGI application
Traceback (most recent call last):
  File "D:\Maruti_workspace\rspl_Api\.venv\Lib\site-packages\uvicorn\protocols\http\httptools_impl.py", line 409, in run_asgi
    result = await app(  # type: ignore[func-returns-value]
             ^^^^^^^^^^^^^^^^^^^^^^^^^^^^^^^^^^^^^^^^^^^^^^
        self.scope, self.receive, self.send
        ^^^^^^^^^^^^^^^^^^^^^^^^^^^^^^^^^^^
    )
    ^
  File "D:\Maruti_workspace\rspl_Api\.venv\Lib\site-packages\uvicorn\middleware\proxy_headers.py", line 60, in __call__
    return await self.app(scope, receive, send)
           ^^^^^^^^^^^^^^^^^^^^^^^^^^^^^^^^^^^^
  File "D:\Maruti_workspace\rspl_Api\.venv\Lib\site-packages\fastapi\applications.py", line 1054, in __call__
    await super().__call__(scope, receive, send)
  File "D:\Maruti_workspace\rspl_Api\.venv\Lib\site-packages\starlette\applications.py", line 113, in __call__
    await self.middleware_stack(scope, receive, send)
  File "D:\Maruti_workspace\rspl_Api\.venv\Lib\site-packages\starlette\middleware\errors.py", line 187, in __call__
    raise exc
  File "D:\Maruti_workspace\rspl_Api\.venv\Lib\site-packages\starlette\middleware\errors.py", line 165, in __call__
    await self.app(scope, receive, _send)
  File "D:\Maruti_workspace\rspl_Api\.venv\Lib\site-packages\starlette\middleware\cors.py", line 93, in __call__
    await self.simple_response(scope, receive, send, request_headers=headers)
  File "D:\Maruti_workspace\rspl_Api\.venv\Lib\site-packages\starlette\middleware\cors.py", line 144, in simple_response
    await self.app(scope, receive, send)
  File "D:\Maruti_workspace\rspl_Api\.venv\Lib\site-packages\starlette\middleware\exceptions.py", line 62, in __call__
    await wrap_app_handling_exceptions(self.app, conn)(scope, receive, send)
  File "D:\Maruti_workspace\rspl_Api\.venv\Lib\site-packages\starlette\_exception_handler.py", line 53, in wrapped_app
    raise exc
  File "D:\Maruti_workspace\rspl_Api\.venv\Lib\site-packages\starlette\_exception_handler.py", line 42, in wrapped_app
    await app(scope, receive, sender)
  File "D:\Maruti_workspace\rspl_Api\.venv\Lib\site-packages\starlette\routing.py", line 715, in __call__
    await self.middleware_stack(scope, receive, send)
  File "D:\Maruti_workspace\rspl_Api\.venv\Lib\site-packages\starlette\routing.py", line 735, in app
    await route.handle(scope, receive, send)
  File "D:\Maruti_workspace\rspl_Api\.venv\Lib\site-packages\starlette\routing.py", line 288, in handle
    await self.app(scope, receive, send)
  File "D:\Maruti_workspace\rspl_Api\.venv\Lib\site-packages\starlette\routing.py", line 76, in app
    await wrap_app_handling_exceptions(app, request)(scope, receive, send)
  File "D:\Maruti_workspace\rspl_Api\.venv\Lib\site-packages\starlette\_exception_handler.py", line 53, in wrapped_app
    raise exc
  File "D:\Maruti_workspace\rspl_Api\.venv\Lib\site-packages\starlette\_exception_handler.py", line 42, in wrapped_app
    await app(scope, receive, sender)
  File "D:\Maruti_workspace\rspl_Api\.venv\Lib\site-packages\starlette\routing.py", line 73, in app
    response = await f(request)
               ^^^^^^^^^^^^^^^^
  File "D:\Maruti_workspace\rspl_Api\.venv\Lib\site-packages\fastapi\routing.py", line 301, in app
    raw_response = await run_endpoint_function(
                   ^^^^^^^^^^^^^^^^^^^^^^^^^^^^
    ...<3 lines>...
    )
    ^
  File "D:\Maruti_workspace\rspl_Api\.venv\Lib\site-packages\fastapi\routing.py", line 214, in run_endpoint_function
    return await run_in_threadpool(dependant.call, **values)
           ^^^^^^^^^^^^^^^^^^^^^^^^^^^^^^^^^^^^^^^^^^^^^^^^^
  File "D:\Maruti_workspace\rspl_Api\.venv\Lib\site-packages\starlette\concurrency.py", line 39, in run_in_threadpool
    return await anyio.to_thread.run_sync(func, *args)
           ^^^^^^^^^^^^^^^^^^^^^^^^^^^^^^^^^^^^^^^^^^^
  File "D:\Maruti_workspace\rspl_Api\.venv\Lib\site-packages\anyio\to_thread.py", line 63, in run_sync
    return await get_async_backend().run_sync_in_worker_thread(
           ^^^^^^^^^^^^^^^^^^^^^^^^^^^^^^^^^^^^^^^^^^^^^^^^^^^^
        func, args, abandon_on_cancel=abandon_on_cancel, limiter=limiter
        ^^^^^^^^^^^^^^^^^^^^^^^^^^^^^^^^^^^^^^^^^^^^^^^^^^^^^^^^^^^^^^^^
    )
    ^
  File "D:\Maruti_workspace\rspl_Api\.venv\Lib\site-packages\anyio\_backends\_asyncio.py", line 2596, in run_sync_in_worker_thread
    return await future
           ^^^^^^^^^^^^
  File "D:\Maruti_workspace\rspl_Api\.venv\Lib\site-packages\anyio\_backends\_asyncio.py", line 1029, in run
    result = context.run(func, *args)
  File "D:\Maruti_workspace\rspl_Api\app\routers\support.py", line 222, in get_closed_tickets
    rows = _tt_details_rows(0, cust_id, 1)
  File "D:\Maruti_workspace\rspl_Api\app\routers\support.py", line 203, in _tt_details_rows
    cursor.execute("EXEC webProc_TTDetails ?, ?, ?, '', 0", tt_no, cust_id, closed)
    ~~~~~~~~~~~~~~^^^^^^^^^^^^^^^^^^^^^^^^^^^^^^^^^^^^^^^^^^^^^^^^^^^^^^^^^^^^^^^^^
pyodbc.Error: ('HY000', '[HY000] [Microsoft][ODBC Driver 17 for SQL Server]Connection is busy with results for another command (0) (SQLExecDirectW)')
INFO:     127.0.0.1:50299 - "GET /support/customer-info?cust_id=66125 HTTP/1.1" 200 OK
INFO:     127.0.0.1:50300 - "GET /support/modules HTTP/1.1" 200 OK
INFO:     127.0.0.1:50300 - "OPTIONS /support/modules-data?field_name=Notification&cust_id=66125 HTTP/1.1" 200 OK
INFO:     127.0.0.1:50300 - "GET /support/modules-data?field_name=Notification&cust_id=66125 HTTP/1.1" 200 OK
INFO:     127.0.0.1:50309 - "GET /support/salesmen HTTP/1.1" 200 OK
INFO:     127.0.0.1:50310 - "GET /support/next-persons HTTP/1.1" 200 OK
INFO:     127.0.0.1:50308 - "GET /support/customers?search= HTTP/1.1" 200 OK
INFO:     127.0.0.1:50307 - "GET /support/closed-tickets?cust_id=66125 HTTP/1.1" 200 OK
INFO:     127.0.0.1:50311 - "GET /support/priorities HTTP/1.1" 200 OK
INFO:     127.0.0.1:50312 - "GET /support/modules HTTP/1.1" 500 Internal Server Error
ERROR:    Exception in ASGI application
Traceback (most recent call last):
  File "D:\Maruti_workspace\rspl_Api\.venv\Lib\site-packages\uvicorn\protocols\http\httptools_impl.py", line 409, in run_asgi
    result = await app(  # type: ignore[func-returns-value]
             ^^^^^^^^^^^^^^^^^^^^^^^^^^^^^^^^^^^^^^^^^^^^^^
        self.scope, self.receive, self.send
        ^^^^^^^^^^^^^^^^^^^^^^^^^^^^^^^^^^^
    )
    ^
  File "D:\Maruti_workspace\rspl_Api\.venv\Lib\site-packages\uvicorn\middleware\proxy_headers.py", line 60, in __call__
    return await self.app(scope, receive, send)
           ^^^^^^^^^^^^^^^^^^^^^^^^^^^^^^^^^^^^
  File "D:\Maruti_workspace\rspl_Api\.venv\Lib\site-packages\fastapi\applications.py", line 1054, in __call__
    await super().__call__(scope, receive, send)
  File "D:\Maruti_workspace\rspl_Api\.venv\Lib\site-packages\starlette\applications.py", line 113, in __call__
    await self.middleware_stack(scope, receive, send)
  File "D:\Maruti_workspace\rspl_Api\.venv\Lib\site-packages\starlette\middleware\errors.py", line 187, in __call__
    raise exc
  File "D:\Maruti_workspace\rspl_Api\.venv\Lib\site-packages\starlette\middleware\errors.py", line 165, in __call__
    await self.app(scope, receive, _send)
  File "D:\Maruti_workspace\rspl_Api\.venv\Lib\site-packages\starlette\middleware\cors.py", line 93, in __call__
    await self.simple_response(scope, receive, send, request_headers=headers)
  File "D:\Maruti_workspace\rspl_Api\.venv\Lib\site-packages\starlette\middleware\cors.py", line 144, in simple_response
    await self.app(scope, receive, send)
  File "D:\Maruti_workspace\rspl_Api\.venv\Lib\site-packages\starlette\middleware\exceptions.py", line 62, in __call__
    await wrap_app_handling_exceptions(self.app, conn)(scope, receive, send)
  File "D:\Maruti_workspace\rspl_Api\.venv\Lib\site-packages\starlette\_exception_handler.py", line 53, in wrapped_app
    raise exc
  File "D:\Maruti_workspace\rspl_Api\.venv\Lib\site-packages\starlette\_exception_handler.py", line 42, in wrapped_app
    await app(scope, receive, sender)
  File "D:\Maruti_workspace\rspl_Api\.venv\Lib\site-packages\starlette\routing.py", line 715, in __call__
    await self.middleware_stack(scope, receive, send)
  File "D:\Maruti_workspace\rspl_Api\.venv\Lib\site-packages\starlette\routing.py", line 735, in app
    await route.handle(scope, receive, send)
  File "D:\Maruti_workspace\rspl_Api\.venv\Lib\site-packages\starlette\routing.py", line 288, in handle
    await self.app(scope, receive, send)
  File "D:\Maruti_workspace\rspl_Api\.venv\Lib\site-packages\starlette\routing.py", line 76, in app
    await wrap_app_handling_exceptions(app, request)(scope, receive, send)
  File "D:\Maruti_workspace\rspl_Api\.venv\Lib\site-packages\starlette\_exception_handler.py", line 53, in wrapped_app
    raise exc
  File "D:\Maruti_workspace\rspl_Api\.venv\Lib\site-packages\starlette\_exception_handler.py", line 42, in wrapped_app
    await app(scope, receive, sender)
  File "D:\Maruti_workspace\rspl_Api\.venv\Lib\site-packages\starlette\routing.py", line 73, in app
    response = await f(request)
               ^^^^^^^^^^^^^^^^
  File "D:\Maruti_workspace\rspl_Api\.venv\Lib\site-packages\fastapi\routing.py", line 301, in app
    raw_response = await run_endpoint_function(
                   ^^^^^^^^^^^^^^^^^^^^^^^^^^^^
    ...<3 lines>...
    )
    ^
  File "D:\Maruti_workspace\rspl_Api\.venv\Lib\site-packages\fastapi\routing.py", line 214, in run_endpoint_function
    return await run_in_threadpool(dependant.call, **values)
           ^^^^^^^^^^^^^^^^^^^^^^^^^^^^^^^^^^^^^^^^^^^^^^^^^
  File "D:\Maruti_workspace\rspl_Api\.venv\Lib\site-packages\starlette\concurrency.py", line 39, in run_in_threadpool
    return await anyio.to_thread.run_sync(func, *args)
           ^^^^^^^^^^^^^^^^^^^^^^^^^^^^^^^^^^^^^^^^^^^
  File "D:\Maruti_workspace\rspl_Api\.venv\Lib\site-packages\anyio\to_thread.py", line 63, in run_sync
    return await get_async_backend().run_sync_in_worker_thread(
           ^^^^^^^^^^^^^^^^^^^^^^^^^^^^^^^^^^^^^^^^^^^^^^^^^^^^
        func, args, abandon_on_cancel=abandon_on_cancel, limiter=limiter
        ^^^^^^^^^^^^^^^^^^^^^^^^^^^^^^^^^^^^^^^^^^^^^^^^^^^^^^^^^^^^^^^^
    )
    ^
  File "D:\Maruti_workspace\rspl_Api\.venv\Lib\site-packages\anyio\_backends\_asyncio.py", line 2596, in run_sync_in_worker_thread
    return await future
           ^^^^^^^^^^^^
  File "D:\Maruti_workspace\rspl_Api\.venv\Lib\site-packages\anyio\_backends\_asyncio.py", line 1029, in run
    result = context.run(func, *args)
  File "D:\Maruti_workspace\rspl_Api\app\routers\support.py", line 287, in get_tt_modules
    cursor.execute(
    ~~~~~~~~~~~~~~^
        "SELECT DISTINCT RTRIM(LTRIM(ProductName)) AS ProductName FROM TTProducts "
        ^^^^^^^^^^^^^^^^^^^^^^^^^^^^^^^^^^^^^^^^^^^^^^^^^^^^^^^^^^^^^^^^^^^^^^^^^^^
        "WHERE ProductName IS NOT NULL AND RTRIM(LTRIM(ProductName)) <> '' "
        ^^^^^^^^^^^^^^^^^^^^^^^^^^^^^^^^^^^^^^^^^^^^^^^^^^^^^^^^^^^^^^^^^^^^
        "ORDER BY RTRIM(LTRIM(ProductName))"
        ^^^^^^^^^^^^^^^^^^^^^^^^^^^^^^^^^^^^
    )
    ^
pyodbc.Error: ('HY000', '[HY000] [Microsoft][ODBC Driver 17 for SQL Server]Connection is busy with results for another command (0) (SQLExecDirectW)')
INFO:     127.0.0.1:50310 - "GET /support/pending-tickets?cust_id=66125 HTTP/1.1" 200 OK
INFO:     127.0.0.1:50309 - "GET /support/customer-info?cust_id=66125 HTTP/1.1" 200 OK
INFO:     127.0.0.1:50309 - "OPTIONS /support/bank-cards?cust_id=66125 HTTP/1.1" 200 OK
INFO:     127.0.0.1:50309 - "GET /support/bank-cards?cust_id=66125 HTTP/1.1" 200 OK
INFO:     127.0.0.1:50316 - "OPTIONS /support/bank-cards/apply HTTP/1.1" 200 OK
INFO:     127.0.0.1:50316 - "POST /support/bank-cards/apply HTTP/1.1" 200 OK
INFO:     127.0.0.1:50316 - "GET /support/modules HTTP/1.1" 200 OK
INFO:     127.0.0.1:50317 - "GET /support/customers?search= HTTP/1.1" 200 OK
INFO:     127.0.0.1:50316 - "GET /support/salesmen HTTP/1.1" 200 OK
INFO:     127.0.0.1:50317 - "GET /support/next-persons HTTP/1.1" 200 OK
INFO:     127.0.0.1:50323 - "GET /support/closed-tickets?cust_id=66125 HTTP/1.1" 200 OK
INFO:     127.0.0.1:50322 - "GET /support/pending-tickets?cust_id=66125 HTTP/1.1" 200 OK
INFO:     127.0.0.1:50316 - "GET /support/priorities HTTP/1.1" 200 OK
INFO:     127.0.0.1:50317 - "GET /support/customer-info?cust_id=66125 HTTP/1.1" 200 OK
INFO:     127.0.0.1:50317 - "OPTIONS /support/modules-data?field_name=ExeVersion&cust_id=66125 HTTP/1.1" 200 OK
INFO:     127.0.0.1:50317 - "GET /support/modules-data?field_name=ExeVersion&cust_id=66125 HTTP/1.1" 500 Internal Server Error
ERROR:    Exception in ASGI application
Traceback (most recent call last):
  File "D:\Maruti_workspace\rspl_Api\.venv\Lib\site-packages\uvicorn\protocols\http\httptools_impl.py", line 409, in run_asgi
    result = await app(  # type: ignore[func-returns-value]
             ^^^^^^^^^^^^^^^^^^^^^^^^^^^^^^^^^^^^^^^^^^^^^^
        self.scope, self.receive, self.send
        ^^^^^^^^^^^^^^^^^^^^^^^^^^^^^^^^^^^
    )
    ^
  File "D:\Maruti_workspace\rspl_Api\.venv\Lib\site-packages\uvicorn\middleware\proxy_headers.py", line 60, in __call__
    return await self.app(scope, receive, send)
           ^^^^^^^^^^^^^^^^^^^^^^^^^^^^^^^^^^^^
  File "D:\Maruti_workspace\rspl_Api\.venv\Lib\site-packages\fastapi\applications.py", line 1054, in __call__
    await super().__call__(scope, receive, send)
  File "D:\Maruti_workspace\rspl_Api\.venv\Lib\site-packages\starlette\applications.py", line 113, in __call__
    await self.middleware_stack(scope, receive, send)
  File "D:\Maruti_workspace\rspl_Api\.venv\Lib\site-packages\starlette\middleware\errors.py", line 187, in __call__
    raise exc
  File "D:\Maruti_workspace\rspl_Api\.venv\Lib\site-packages\starlette\middleware\errors.py", line 165, in __call__
    await self.app(scope, receive, _send)
  File "D:\Maruti_workspace\rspl_Api\.venv\Lib\site-packages\starlette\middleware\cors.py", line 93, in __call__
    await self.simple_response(scope, receive, send, request_headers=headers)
  File "D:\Maruti_workspace\rspl_Api\.venv\Lib\site-packages\starlette\middleware\cors.py", line 144, in simple_response
    await self.app(scope, receive, send)
  File "D:\Maruti_workspace\rspl_Api\.venv\Lib\site-packages\starlette\middleware\exceptions.py", line 62, in __call__
    await wrap_app_handling_exceptions(self.app, conn)(scope, receive, send)
  File "D:\Maruti_workspace\rspl_Api\.venv\Lib\site-packages\starlette\_exception_handler.py", line 53, in wrapped_app
    raise exc
  File "D:\Maruti_workspace\rspl_Api\.venv\Lib\site-packages\starlette\_exception_handler.py", line 42, in wrapped_app
    await app(scope, receive, sender)
  File "D:\Maruti_workspace\rspl_Api\.venv\Lib\site-packages\starlette\routing.py", line 715, in __call__
    await self.middleware_stack(scope, receive, send)
  File "D:\Maruti_workspace\rspl_Api\.venv\Lib\site-packages\starlette\routing.py", line 735, in app
    await route.handle(scope, receive, send)
  File "D:\Maruti_workspace\rspl_Api\.venv\Lib\site-packages\starlette\routing.py", line 288, in handle
    await self.app(scope, receive, send)
  File "D:\Maruti_workspace\rspl_Api\.venv\Lib\site-packages\starlette\routing.py", line 76, in app
    await wrap_app_handling_exceptions(app, request)(scope, receive, send)
  File "D:\Maruti_workspace\rspl_Api\.venv\Lib\site-packages\starlette\_exception_handler.py", line 53, in wrapped_app
    raise exc
  File "D:\Maruti_workspace\rspl_Api\.venv\Lib\site-packages\starlette\_exception_handler.py", line 42, in wrapped_app
    await app(scope, receive, sender)
  File "D:\Maruti_workspace\rspl_Api\.venv\Lib\site-packages\starlette\routing.py", line 73, in app
    response = await f(request)
               ^^^^^^^^^^^^^^^^
  File "D:\Maruti_workspace\rspl_Api\.venv\Lib\site-packages\fastapi\routing.py", line 301, in app
    raw_response = await run_endpoint_function(
                   ^^^^^^^^^^^^^^^^^^^^^^^^^^^^
    ...<3 lines>...
    )
    ^
  File "D:\Maruti_workspace\rspl_Api\.venv\Lib\site-packages\fastapi\routing.py", line 214, in run_endpoint_function
    return await run_in_threadpool(dependant.call, **values)
           ^^^^^^^^^^^^^^^^^^^^^^^^^^^^^^^^^^^^^^^^^^^^^^^^^
  File "D:\Maruti_workspace\rspl_Api\.venv\Lib\site-packages\starlette\concurrency.py", line 39, in run_in_threadpool
    return await anyio.to_thread.run_sync(func, *args)
           ^^^^^^^^^^^^^^^^^^^^^^^^^^^^^^^^^^^^^^^^^^^
  File "D:\Maruti_workspace\rspl_Api\.venv\Lib\site-packages\anyio\to_thread.py", line 63, in run_sync
    return await get_async_backend().run_sync_in_worker_thread(
           ^^^^^^^^^^^^^^^^^^^^^^^^^^^^^^^^^^^^^^^^^^^^^^^^^^^^
        func, args, abandon_on_cancel=abandon_on_cancel, limiter=limiter
        ^^^^^^^^^^^^^^^^^^^^^^^^^^^^^^^^^^^^^^^^^^^^^^^^^^^^^^^^^^^^^^^^
    )
    ^
  File "D:\Maruti_workspace\rspl_Api\.venv\Lib\site-packages\anyio\_backends\_asyncio.py", line 2596, in run_sync_in_worker_thread
    return await future
           ^^^^^^^^^^^^
  File "D:\Maruti_workspace\rspl_Api\.venv\Lib\site-packages\anyio\_backends\_asyncio.py", line 1029, in run
    result = context.run(func, *args)
  File "D:\Maruti_workspace\rspl_Api\app\routers\support_modules.py", line 207, in get_modules_data
    cursor.execute("EXEC license_WebProc_CheckSoftwareVersions ?, 1, ''", cust_id)
    ~~~~~~~~~~~~~~^^^^^^^^^^^^^^^^^^^^^^^^^^^^^^^^^^^^^^^^^^^^^^^^^^^^^^^^^^^^^^^^
pyodbc.ProgrammingError: ('42000', "[42000] [Microsoft][ODBC Driver 17 for SQL Server][SQL Server]Could not find server 'License' in sys.servers. Verify that the correct server name was specified. If necessary, execute the stored procedure sp_addlinkedserver to add the server to sys.servers. (7202) (SQLExecDirectW)")
INFO:     127.0.0.1:50325 - "GET /support/salesmen HTTP/1.1" 200 OK
INFO:     127.0.0.1:50324 - "GET /support/customers?search= HTTP/1.1" 200 OK
INFO:     127.0.0.1:50325 - "GET /support/next-persons HTTP/1.1" 200 OK
INFO:     127.0.0.1:50325 - "GET /support/modules HTTP/1.1" 200 OK
INFO:     127.0.0.1:50324 - "GET /support/priorities HTTP/1.1" 200 OK
INFO:     127.0.0.1:50332 - "GET /support/closed-tickets?cust_id=66125 HTTP/1.1" 200 OK
INFO:     127.0.0.1:50331 - "GET /support/pending-tickets?cust_id=66125 HTTP/1.1" 200 OK
INFO:     127.0.0.1:50330 - "GET /support/customer-info?cust_id=66125 HTTP/1.1" 200 OK
INFO:     127.0.0.1:50333 - "OPTIONS /support/tickets HTTP/1.1" 200 OK
INFO:     127.0.0.1:50333 - "POST /support/tickets HTTP/1.1" 500 Internal Server Error
ERROR:    Exception in ASGI application
Traceback (most recent call last):
  File "D:\Maruti_workspace\rspl_Api\.venv\Lib\site-packages\uvicorn\protocols\http\httptools_impl.py", line 409, in run_asgi
    result = await app(  # type: ignore[func-returns-value]
             ^^^^^^^^^^^^^^^^^^^^^^^^^^^^^^^^^^^^^^^^^^^^^^
        self.scope, self.receive, self.send
        ^^^^^^^^^^^^^^^^^^^^^^^^^^^^^^^^^^^
    )
    ^
  File "D:\Maruti_workspace\rspl_Api\.venv\Lib\site-packages\uvicorn\middleware\proxy_headers.py", line 60, in __call__
    return await self.app(scope, receive, send)
           ^^^^^^^^^^^^^^^^^^^^^^^^^^^^^^^^^^^^
  File "D:\Maruti_workspace\rspl_Api\.venv\Lib\site-packages\fastapi\applications.py", line 1054, in __call__
    await super().__call__(scope, receive, send)
  File "D:\Maruti_workspace\rspl_Api\.venv\Lib\site-packages\starlette\applications.py", line 113, in __call__
    await self.middleware_stack(scope, receive, send)
  File "D:\Maruti_workspace\rspl_Api\.venv\Lib\site-packages\starlette\middleware\errors.py", line 187, in __call__
    raise exc
  File "D:\Maruti_workspace\rspl_Api\.venv\Lib\site-packages\starlette\middleware\errors.py", line 165, in __call__
    await self.app(scope, receive, _send)
  File "D:\Maruti_workspace\rspl_Api\.venv\Lib\site-packages\starlette\middleware\cors.py", line 93, in __call__
    await self.simple_response(scope, receive, send, request_headers=headers)
  File "D:\Maruti_workspace\rspl_Api\.venv\Lib\site-packages\starlette\middleware\cors.py", line 144, in simple_response
    await self.app(scope, receive, send)
  File "D:\Maruti_workspace\rspl_Api\.venv\Lib\site-packages\starlette\middleware\exceptions.py", line 62, in __call__
    await wrap_app_handling_exceptions(self.app, conn)(scope, receive, send)
  File "D:\Maruti_workspace\rspl_Api\.venv\Lib\site-packages\starlette\_exception_handler.py", line 53, in wrapped_app
    raise exc
  File "D:\Maruti_workspace\rspl_Api\.venv\Lib\site-packages\starlette\_exception_handler.py", line 42, in wrapped_app
    await app(scope, receive, sender)
  File "D:\Maruti_workspace\rspl_Api\.venv\Lib\site-packages\starlette\routing.py", line 715, in __call__
    await self.middleware_stack(scope, receive, send)
  File "D:\Maruti_workspace\rspl_Api\.venv\Lib\site-packages\starlette\routing.py", line 735, in app
    await route.handle(scope, receive, send)
  File "D:\Maruti_workspace\rspl_Api\.venv\Lib\site-packages\starlette\routing.py", line 288, in handle
    await self.app(scope, receive, send)
  File "D:\Maruti_workspace\rspl_Api\.venv\Lib\site-packages\starlette\routing.py", line 76, in app
    await wrap_app_handling_exceptions(app, request)(scope, receive, send)
  File "D:\Maruti_workspace\rspl_Api\.venv\Lib\site-packages\starlette\_exception_handler.py", line 53, in wrapped_app
    raise exc
  File "D:\Maruti_workspace\rspl_Api\.venv\Lib\site-packages\starlette\_exception_handler.py", line 42, in wrapped_app
    await app(scope, receive, sender)
  File "D:\Maruti_workspace\rspl_Api\.venv\Lib\site-packages\starlette\routing.py", line 73, in app
    response = await f(request)
               ^^^^^^^^^^^^^^^^
  File "D:\Maruti_workspace\rspl_Api\.venv\Lib\site-packages\fastapi\routing.py", line 301, in app
    raw_response = await run_endpoint_function(
                   ^^^^^^^^^^^^^^^^^^^^^^^^^^^^
    ...<3 lines>...
    )
    ^
  File "D:\Maruti_workspace\rspl_Api\.venv\Lib\site-packages\fastapi\routing.py", line 214, in run_endpoint_function
    return await run_in_threadpool(dependant.call, **values)
           ^^^^^^^^^^^^^^^^^^^^^^^^^^^^^^^^^^^^^^^^^^^^^^^^^
  File "D:\Maruti_workspace\rspl_Api\.venv\Lib\site-packages\starlette\concurrency.py", line 39, in run_in_threadpool
    return await anyio.to_thread.run_sync(func, *args)
           ^^^^^^^^^^^^^^^^^^^^^^^^^^^^^^^^^^^^^^^^^^^
  File "D:\Maruti_workspace\rspl_Api\.venv\Lib\site-packages\anyio\to_thread.py", line 63, in run_sync
    return await get_async_backend().run_sync_in_worker_thread(
           ^^^^^^^^^^^^^^^^^^^^^^^^^^^^^^^^^^^^^^^^^^^^^^^^^^^^
        func, args, abandon_on_cancel=abandon_on_cancel, limiter=limiter
        ^^^^^^^^^^^^^^^^^^^^^^^^^^^^^^^^^^^^^^^^^^^^^^^^^^^^^^^^^^^^^^^^
    )
    ^
  File "D:\Maruti_workspace\rspl_Api\.venv\Lib\site-packages\anyio\_backends\_asyncio.py", line 2596, in run_sync_in_worker_thread
    return await future
           ^^^^^^^^^^^^
  File "D:\Maruti_workspace\rspl_Api\.venv\Lib\site-packages\anyio\_backends\_asyncio.py", line 1029, in run
    result = context.run(func, *args)
  File "D:\Maruti_workspace\rspl_Api\app\routers\support.py", line 245, in create_ticket
    voucher_no = master_rows[0]["Voucherno"]
                 ~~~~~~~~~~~~~~^^^^^^^^^^^^^
KeyError: 'Voucherno'
INFO:     127.0.0.1:50336 - "POST /support/tickets HTTP/1.1" 500 Internal Server Error
ERROR:    Exception in ASGI application
Traceback (most recent call last):
  File "D:\Maruti_workspace\rspl_Api\.venv\Lib\site-packages\uvicorn\protocols\http\httptools_impl.py", line 409, in run_asgi
    result = await app(  # type: ignore[func-returns-value]
             ^^^^^^^^^^^^^^^^^^^^^^^^^^^^^^^^^^^^^^^^^^^^^^
        self.scope, self.receive, self.send
        ^^^^^^^^^^^^^^^^^^^^^^^^^^^^^^^^^^^
    )
    ^
  File "D:\Maruti_workspace\rspl_Api\.venv\Lib\site-packages\uvicorn\middleware\proxy_headers.py", line 60, in __call__
    return await self.app(scope, receive, send)
           ^^^^^^^^^^^^^^^^^^^^^^^^^^^^^^^^^^^^
  File "D:\Maruti_workspace\rspl_Api\.venv\Lib\site-packages\fastapi\applications.py", line 1054, in __call__
    await super().__call__(scope, receive, send)
  File "D:\Maruti_workspace\rspl_Api\.venv\Lib\site-packages\starlette\applications.py", line 113, in __call__
    await self.middleware_stack(scope, receive, send)
  File "D:\Maruti_workspace\rspl_Api\.venv\Lib\site-packages\starlette\middleware\errors.py", line 187, in __call__
    raise exc
  File "D:\Maruti_workspace\rspl_Api\.venv\Lib\site-packages\starlette\middleware\errors.py", line 165, in __call__
    await self.app(scope, receive, _send)
  File "D:\Maruti_workspace\rspl_Api\.venv\Lib\site-packages\starlette\middleware\cors.py", line 93, in __call__
    await self.simple_response(scope, receive, send, request_headers=headers)
  File "D:\Maruti_workspace\rspl_Api\.venv\Lib\site-packages\starlette\middleware\cors.py", line 144, in simple_response
    await self.app(scope, receive, send)
  File "D:\Maruti_workspace\rspl_Api\.venv\Lib\site-packages\starlette\middleware\exceptions.py", line 62, in __call__
    await wrap_app_handling_exceptions(self.app, conn)(scope, receive, send)
  File "D:\Maruti_workspace\rspl_Api\.venv\Lib\site-packages\starlette\_exception_handler.py", line 53, in wrapped_app
    raise exc
  File "D:\Maruti_workspace\rspl_Api\.venv\Lib\site-packages\starlette\_exception_handler.py", line 42, in wrapped_app
    await app(scope, receive, sender)
  File "D:\Maruti_workspace\rspl_Api\.venv\Lib\site-packages\starlette\routing.py", line 715, in __call__
    await self.middleware_stack(scope, receive, send)
  File "D:\Maruti_workspace\rspl_Api\.venv\Lib\site-packages\starlette\routing.py", line 735, in app
    await route.handle(scope, receive, send)
  File "D:\Maruti_workspace\rspl_Api\.venv\Lib\site-packages\starlette\routing.py", line 288, in handle
    await self.app(scope, receive, send)
  File "D:\Maruti_workspace\rspl_Api\.venv\Lib\site-packages\starlette\routing.py", line 76, in app
    await wrap_app_handling_exceptions(app, request)(scope, receive, send)
  File "D:\Maruti_workspace\rspl_Api\.venv\Lib\site-packages\starlette\_exception_handler.py", line 53, in wrapped_app
    raise exc
  File "D:\Maruti_workspace\rspl_Api\.venv\Lib\site-packages\starlette\_exception_handler.py", line 42, in wrapped_app
    await app(scope, receive, sender)
  File "D:\Maruti_workspace\rspl_Api\.venv\Lib\site-packages\starlette\routing.py", line 73, in app
    response = await f(request)
               ^^^^^^^^^^^^^^^^
  File "D:\Maruti_workspace\rspl_Api\.venv\Lib\site-packages\fastapi\routing.py", line 301, in app
    raw_response = await run_endpoint_function(
                   ^^^^^^^^^^^^^^^^^^^^^^^^^^^^
    ...<3 lines>...
    )
    ^
  File "D:\Maruti_workspace\rspl_Api\.venv\Lib\site-packages\fastapi\routing.py", line 214, in run_endpoint_function
    return await run_in_threadpool(dependant.call, **values)
           ^^^^^^^^^^^^^^^^^^^^^^^^^^^^^^^^^^^^^^^^^^^^^^^^^
  File "D:\Maruti_workspace\rspl_Api\.venv\Lib\site-packages\starlette\concurrency.py", line 39, in run_in_threadpool
    return await anyio.to_thread.run_sync(func, *args)
           ^^^^^^^^^^^^^^^^^^^^^^^^^^^^^^^^^^^^^^^^^^^
  File "D:\Maruti_workspace\rspl_Api\.venv\Lib\site-packages\anyio\to_thread.py", line 63, in run_sync
    return await get_async_backend().run_sync_in_worker_thread(
           ^^^^^^^^^^^^^^^^^^^^^^^^^^^^^^^^^^^^^^^^^^^^^^^^^^^^
        func, args, abandon_on_cancel=abandon_on_cancel, limiter=limiter
        ^^^^^^^^^^^^^^^^^^^^^^^^^^^^^^^^^^^^^^^^^^^^^^^^^^^^^^^^^^^^^^^^
    )
    ^
  File "D:\Maruti_workspace\rspl_Api\.venv\Lib\site-packages\anyio\_backends\_asyncio.py", line 2596, in run_sync_in_worker_thread
    return await future
           ^^^^^^^^^^^^
  File "D:\Maruti_workspace\rspl_Api\.venv\Lib\site-packages\anyio\_backends\_asyncio.py", line 1029, in run
    result = context.run(func, *args)
  File "D:\Maruti_workspace\rspl_Api\app\routers\support.py", line 245, in create_ticket
    voucher_no = master_rows[0]["Voucherno"]
                 ~~~~~~~~~~~~~~^^^^^^^^^^^^^
KeyError: 'Voucherno'
INFO:     127.0.0.1:50337 - "OPTIONS /support/modules-data?field_name=Modules&cust_id=66125 HTTP/1.1" 200 OK
INFO:     127.0.0.1:50337 - "GET /support/modules-data?field_name=Modules&cust_id=66125 HTTP/1.1" 200 OK
INFO:     127.0.0.1:50337 - "OPTIONS /support/pirated-modules?cust_id=66125 HTTP/1.1" 200 OK
INFO:     127.0.0.1:50337 - "GET /support/pirated-modules?cust_id=66125 HTTP/1.1" 500 Internal Server Error
ERROR:    Exception in ASGI application
Traceback (most recent call last):
  File "D:\Maruti_workspace\rspl_Api\.venv\Lib\site-packages\uvicorn\protocols\http\httptools_impl.py", line 409, in run_asgi
    result = await app(  # type: ignore[func-returns-value]
             ^^^^^^^^^^^^^^^^^^^^^^^^^^^^^^^^^^^^^^^^^^^^^^
        self.scope, self.receive, self.send
        ^^^^^^^^^^^^^^^^^^^^^^^^^^^^^^^^^^^
    )
    ^
  File "D:\Maruti_workspace\rspl_Api\.venv\Lib\site-packages\uvicorn\middleware\proxy_headers.py", line 60, in __call__
    return await self.app(scope, receive, send)
           ^^^^^^^^^^^^^^^^^^^^^^^^^^^^^^^^^^^^
  File "D:\Maruti_workspace\rspl_Api\.venv\Lib\site-packages\fastapi\applications.py", line 1054, in __call__
    await super().__call__(scope, receive, send)
  File "D:\Maruti_workspace\rspl_Api\.venv\Lib\site-packages\starlette\applications.py", line 113, in __call__
    await self.middleware_stack(scope, receive, send)
  File "D:\Maruti_workspace\rspl_Api\.venv\Lib\site-packages\starlette\middleware\errors.py", line 187, in __call__
    raise exc
  File "D:\Maruti_workspace\rspl_Api\.venv\Lib\site-packages\starlette\middleware\errors.py", line 165, in __call__
    await self.app(scope, receive, _send)
  File "D:\Maruti_workspace\rspl_Api\.venv\Lib\site-packages\starlette\middleware\cors.py", line 93, in __call__
    await self.simple_response(scope, receive, send, request_headers=headers)
  File "D:\Maruti_workspace\rspl_Api\.venv\Lib\site-packages\starlette\middleware\cors.py", line 144, in simple_response
    await self.app(scope, receive, send)
  File "D:\Maruti_workspace\rspl_Api\.venv\Lib\site-packages\starlette\middleware\exceptions.py", line 62, in __call__
    await wrap_app_handling_exceptions(self.app, conn)(scope, receive, send)
  File "D:\Maruti_workspace\rspl_Api\.venv\Lib\site-packages\starlette\_exception_handler.py", line 53, in wrapped_app
    raise exc
  File "D:\Maruti_workspace\rspl_Api\.venv\Lib\site-packages\starlette\_exception_handler.py", line 42, in wrapped_app
    await app(scope, receive, sender)
  File "D:\Maruti_workspace\rspl_Api\.venv\Lib\site-packages\starlette\routing.py", line 715, in __call__
    await self.middleware_stack(scope, receive, send)
  File "D:\Maruti_workspace\rspl_Api\.venv\Lib\site-packages\starlette\routing.py", line 735, in app
    await route.handle(scope, receive, send)
  File "D:\Maruti_workspace\rspl_Api\.venv\Lib\site-packages\starlette\routing.py", line 288, in handle
    await self.app(scope, receive, send)
  File "D:\Maruti_workspace\rspl_Api\.venv\Lib\site-packages\starlette\routing.py", line 76, in app
    await wrap_app_handling_exceptions(app, request)(scope, receive, send)
  File "D:\Maruti_workspace\rspl_Api\.venv\Lib\site-packages\starlette\_exception_handler.py", line 53, in wrapped_app
    raise exc
  File "D:\Maruti_workspace\rspl_Api\.venv\Lib\site-packages\starlette\_exception_handler.py", line 42, in wrapped_app
    await app(scope, receive, sender)
  File "D:\Maruti_workspace\rspl_Api\.venv\Lib\site-packages\starlette\routing.py", line 73, in app
    response = await f(request)
               ^^^^^^^^^^^^^^^^
  File "D:\Maruti_workspace\rspl_Api\.venv\Lib\site-packages\fastapi\routing.py", line 301, in app
    raw_response = await run_endpoint_function(
                   ^^^^^^^^^^^^^^^^^^^^^^^^^^^^
    ...<3 lines>...
    )
    ^
  File "D:\Maruti_workspace\rspl_Api\.venv\Lib\site-packages\fastapi\routing.py", line 214, in run_endpoint_function
    return await run_in_threadpool(dependant.call, **values)
           ^^^^^^^^^^^^^^^^^^^^^^^^^^^^^^^^^^^^^^^^^^^^^^^^^
  File "D:\Maruti_workspace\rspl_Api\.venv\Lib\site-packages\starlette\concurrency.py", line 39, in run_in_threadpool
    return await anyio.to_thread.run_sync(func, *args)
           ^^^^^^^^^^^^^^^^^^^^^^^^^^^^^^^^^^^^^^^^^^^
  File "D:\Maruti_workspace\rspl_Api\.venv\Lib\site-packages\anyio\to_thread.py", line 63, in run_sync
    return await get_async_backend().run_sync_in_worker_thread(
           ^^^^^^^^^^^^^^^^^^^^^^^^^^^^^^^^^^^^^^^^^^^^^^^^^^^^
        func, args, abandon_on_cancel=abandon_on_cancel, limiter=limiter
        ^^^^^^^^^^^^^^^^^^^^^^^^^^^^^^^^^^^^^^^^^^^^^^^^^^^^^^^^^^^^^^^^
    )
    ^
  File "D:\Maruti_workspace\rspl_Api\.venv\Lib\site-packages\anyio\_backends\_asyncio.py", line 2596, in run_sync_in_worker_thread
    return await future
           ^^^^^^^^^^^^
  File "D:\Maruti_workspace\rspl_Api\.venv\Lib\site-packages\anyio\_backends\_asyncio.py", line 1029, in run
    result = context.run(func, *args)
  File "D:\Maruti_workspace\rspl_Api\app\routers\support_modules.py", line 216, in get_pirated_modules
    cursor.execute(
    ~~~~~~~~~~~~~~^
        "SELECT ProductID, '**PIRATED-' + ProductName AS ProductName, PiratedQty FROM dbo.fun_Web_CustomerLicensePiracy(?)",
        ^^^^^^^^^^^^^^^^^^^^^^^^^^^^^^^^^^^^^^^^^^^^^^^^^^^^^^^^^^^^^^^^^^^^^^^^^^^^^^^^^^^^^^^^^^^^^^^^^^^^^^^^^^^^^^^^^^^^
        cust_id,
        ^^^^^^^^
    )
    ^
pyodbc.ProgrammingError: ('42000', "[42000] [Microsoft][ODBC Driver 17 for SQL Server][SQL Server]Could not find server 'License' in sys.servers. Verify that the correct server name was specified. If necessary, execute the stored procedure sp_addlinkedserver to add the server to sys.servers. (7202) (SQLExecDirectW)")
INFO:     127.0.0.1:50342 - "GET /support/pirated-modules?cust_id=66125 HTTP/1.1" 500 Internal Server Error
ERROR:    Exception in ASGI application
Traceback (most recent call last):
  File "D:\Maruti_workspace\rspl_Api\.venv\Lib\site-packages\uvicorn\protocols\http\httptools_impl.py", line 409, in run_asgi
    result = await app(  # type: ignore[func-returns-value]
             ^^^^^^^^^^^^^^^^^^^^^^^^^^^^^^^^^^^^^^^^^^^^^^
        self.scope, self.receive, self.send
        ^^^^^^^^^^^^^^^^^^^^^^^^^^^^^^^^^^^
    )
    ^
  File "D:\Maruti_workspace\rspl_Api\.venv\Lib\site-packages\uvicorn\middleware\proxy_headers.py", line 60, in __call__
    return await self.app(scope, receive, send)
           ^^^^^^^^^^^^^^^^^^^^^^^^^^^^^^^^^^^^
  File "D:\Maruti_workspace\rspl_Api\.venv\Lib\site-packages\fastapi\applications.py", line 1054, in __call__
    await super().__call__(scope, receive, send)
  File "D:\Maruti_workspace\rspl_Api\.venv\Lib\site-packages\starlette\applications.py", line 113, in __call__
    await self.middleware_stack(scope, receive, send)
  File "D:\Maruti_workspace\rspl_Api\.venv\Lib\site-packages\starlette\middleware\errors.py", line 187, in __call__
    raise exc
  File "D:\Maruti_workspace\rspl_Api\.venv\Lib\site-packages\starlette\middleware\errors.py", line 165, in __call__
    await self.app(scope, receive, _send)
  File "D:\Maruti_workspace\rspl_Api\.venv\Lib\site-packages\starlette\middleware\cors.py", line 93, in __call__
    await self.simple_response(scope, receive, send, request_headers=headers)
  File "D:\Maruti_workspace\rspl_Api\.venv\Lib\site-packages\starlette\middleware\cors.py", line 144, in simple_response
    await self.app(scope, receive, send)
  File "D:\Maruti_workspace\rspl_Api\.venv\Lib\site-packages\starlette\middleware\exceptions.py", line 62, in __call__
    await wrap_app_handling_exceptions(self.app, conn)(scope, receive, send)
  File "D:\Maruti_workspace\rspl_Api\.venv\Lib\site-packages\starlette\_exception_handler.py", line 53, in wrapped_app
    raise exc
  File "D:\Maruti_workspace\rspl_Api\.venv\Lib\site-packages\starlette\_exception_handler.py", line 42, in wrapped_app
    await app(scope, receive, sender)
  File "D:\Maruti_workspace\rspl_Api\.venv\Lib\site-packages\starlette\routing.py", line 715, in __call__
    await self.middleware_stack(scope, receive, send)
  File "D:\Maruti_workspace\rspl_Api\.venv\Lib\site-packages\starlette\routing.py", line 735, in app
    await route.handle(scope, receive, send)
  File "D:\Maruti_workspace\rspl_Api\.venv\Lib\site-packages\starlette\routing.py", line 288, in handle
    await self.app(scope, receive, send)
  File "D:\Maruti_workspace\rspl_Api\.venv\Lib\site-packages\starlette\routing.py", line 76, in app
    await wrap_app_handling_exceptions(app, request)(scope, receive, send)
  File "D:\Maruti_workspace\rspl_Api\.venv\Lib\site-packages\starlette\_exception_handler.py", line 53, in wrapped_app
    raise exc
  File "D:\Maruti_workspace\rspl_Api\.venv\Lib\site-packages\starlette\_exception_handler.py", line 42, in wrapped_app
    await app(scope, receive, sender)
  File "D:\Maruti_workspace\rspl_Api\.venv\Lib\site-packages\starlette\routing.py", line 73, in app
    response = await f(request)
               ^^^^^^^^^^^^^^^^
  File "D:\Maruti_workspace\rspl_Api\.venv\Lib\site-packages\fastapi\routing.py", line 301, in app
    raw_response = await run_endpoint_function(
                   ^^^^^^^^^^^^^^^^^^^^^^^^^^^^
    ...<3 lines>...
    )
    ^
  File "D:\Maruti_workspace\rspl_Api\.venv\Lib\site-packages\fastapi\routing.py", line 214, in run_endpoint_function
    return await run_in_threadpool(dependant.call, **values)
           ^^^^^^^^^^^^^^^^^^^^^^^^^^^^^^^^^^^^^^^^^^^^^^^^^
  File "D:\Maruti_workspace\rspl_Api\.venv\Lib\site-packages\starlette\concurrency.py", line 39, in run_in_threadpool
    return await anyio.to_thread.run_sync(func, *args)
           ^^^^^^^^^^^^^^^^^^^^^^^^^^^^^^^^^^^^^^^^^^^
  File "D:\Maruti_workspace\rspl_Api\.venv\Lib\site-packages\anyio\to_thread.py", line 63, in run_sync
    return await get_async_backend().run_sync_in_worker_thread(
           ^^^^^^^^^^^^^^^^^^^^^^^^^^^^^^^^^^^^^^^^^^^^^^^^^^^^
        func, args, abandon_on_cancel=abandon_on_cancel, limiter=limiter
        ^^^^^^^^^^^^^^^^^^^^^^^^^^^^^^^^^^^^^^^^^^^^^^^^^^^^^^^^^^^^^^^^
    )
    ^
  File "D:\Maruti_workspace\rspl_Api\.venv\Lib\site-packages\anyio\_backends\_asyncio.py", line 2596, in run_sync_in_worker_thread
    return await future
           ^^^^^^^^^^^^
  File "D:\Maruti_workspace\rspl_Api\.venv\Lib\site-packages\anyio\_backends\_asyncio.py", line 1029, in run
    result = context.run(func, *args)
  File "D:\Maruti_workspace\rspl_Api\app\routers\support_modules.py", line 216, in get_pirated_modules
    cursor.execute(
    ~~~~~~~~~~~~~~^
        "SELECT ProductID, '**PIRATED-' + ProductName AS ProductName, PiratedQty FROM dbo.fun_Web_CustomerLicensePiracy(?)",
        ^^^^^^^^^^^^^^^^^^^^^^^^^^^^^^^^^^^^^^^^^^^^^^^^^^^^^^^^^^^^^^^^^^^^^^^^^^^^^^^^^^^^^^^^^^^^^^^^^^^^^^^^^^^^^^^^^^^^
        cust_id,
        ^^^^^^^^
    )
    ^
pyodbc.ProgrammingError: ('42000', "[42000] [Microsoft][ODBC Driver 17 for SQL Server][SQL Server]Could not find server 'License' in sys.servers. Verify that the correct server name was specified. If necessary, execute the stored procedure sp_addlinkedserver to add the server to sys.servers. (7202) (SQLExecDirectW)")
INFO:     127.0.0.1:50343 - "GET /support/customers?search= HTTP/1.1" 200 OK
INFO:     127.0.0.1:50343 - "GET /support/salesmen HTTP/1.1" 200 OK
INFO:     127.0.0.1:50343 - "GET /support/next-persons HTTP/1.1" 200 OK
INFO:     127.0.0.1:50363 - "GET /support/modules HTTP/1.1" 200 OK
INFO:     127.0.0.1:50362 - "GET /support/priorities HTTP/1.1" 200 OK
INFO:     127.0.0.1:50365 - "GET /support/pending-tickets?cust_id=66125 HTTP/1.1" 200 OK
INFO:     127.0.0.1:50366 - "GET /support/closed-tickets?cust_id=66125 HTTP/1.1" 200 OK
INFO:     127.0.0.1:50364 - "GET /support/customer-info?cust_id=66125 HTTP/1.1" 200 OK
INFO:     127.0.0.1:50373 - "GET /support/modules-data?field_name=ExeVersion&cust_id=66125 HTTP/1.1" 500 Internal Server Error
ERROR:    Exception in ASGI application
Traceback (most recent call last):
  File "D:\Maruti_workspace\rspl_Api\.venv\Lib\site-packages\uvicorn\protocols\http\httptools_impl.py", line 409, in run_asgi
    result = await app(  # type: ignore[func-returns-value]
             ^^^^^^^^^^^^^^^^^^^^^^^^^^^^^^^^^^^^^^^^^^^^^^
        self.scope, self.receive, self.send
        ^^^^^^^^^^^^^^^^^^^^^^^^^^^^^^^^^^^
    )
    ^
  File "D:\Maruti_workspace\rspl_Api\.venv\Lib\site-packages\uvicorn\middleware\proxy_headers.py", line 60, in __call__
    return await self.app(scope, receive, send)
           ^^^^^^^^^^^^^^^^^^^^^^^^^^^^^^^^^^^^
  File "D:\Maruti_workspace\rspl_Api\.venv\Lib\site-packages\fastapi\applications.py", line 1054, in __call__
    await super().__call__(scope, receive, send)
  File "D:\Maruti_workspace\rspl_Api\.venv\Lib\site-packages\starlette\applications.py", line 113, in __call__
    await self.middleware_stack(scope, receive, send)
  File "D:\Maruti_workspace\rspl_Api\.venv\Lib\site-packages\starlette\middleware\errors.py", line 187, in __call__
    raise exc
  File "D:\Maruti_workspace\rspl_Api\.venv\Lib\site-packages\starlette\middleware\errors.py", line 165, in __call__
    await self.app(scope, receive, _send)
  File "D:\Maruti_workspace\rspl_Api\.venv\Lib\site-packages\starlette\middleware\cors.py", line 93, in __call__
    await self.simple_response(scope, receive, send, request_headers=headers)
  File "D:\Maruti_workspace\rspl_Api\.venv\Lib\site-packages\starlette\middleware\cors.py", line 144, in simple_response
    await self.app(scope, receive, send)
  File "D:\Maruti_workspace\rspl_Api\.venv\Lib\site-packages\starlette\middleware\exceptions.py", line 62, in __call__
    await wrap_app_handling_exceptions(self.app, conn)(scope, receive, send)
  File "D:\Maruti_workspace\rspl_Api\.venv\Lib\site-packages\starlette\_exception_handler.py", line 53, in wrapped_app
    raise exc
  File "D:\Maruti_workspace\rspl_Api\.venv\Lib\site-packages\starlette\_exception_handler.py", line 42, in wrapped_app
    await app(scope, receive, sender)
  File "D:\Maruti_workspace\rspl_Api\.venv\Lib\site-packages\starlette\routing.py", line 715, in __call__
    await self.middleware_stack(scope, receive, send)
  File "D:\Maruti_workspace\rspl_Api\.venv\Lib\site-packages\starlette\routing.py", line 735, in app
    await route.handle(scope, receive, send)
  File "D:\Maruti_workspace\rspl_Api\.venv\Lib\site-packages\starlette\routing.py", line 288, in handle
    await self.app(scope, receive, send)
  File "D:\Maruti_workspace\rspl_Api\.venv\Lib\site-packages\starlette\routing.py", line 76, in app
    await wrap_app_handling_exceptions(app, request)(scope, receive, send)
  File "D:\Maruti_workspace\rspl_Api\.venv\Lib\site-packages\starlette\_exception_handler.py", line 53, in wrapped_app
    raise exc
  File "D:\Maruti_workspace\rspl_Api\.venv\Lib\site-packages\starlette\_exception_handler.py", line 42, in wrapped_app
    await app(scope, receive, sender)
  File "D:\Maruti_workspace\rspl_Api\.venv\Lib\site-packages\starlette\routing.py", line 73, in app
    response = await f(request)
               ^^^^^^^^^^^^^^^^
  File "D:\Maruti_workspace\rspl_Api\.venv\Lib\site-packages\fastapi\routing.py", line 301, in app
    raw_response = await run_endpoint_function(
                   ^^^^^^^^^^^^^^^^^^^^^^^^^^^^
    ...<3 lines>...
    )
    ^
  File "D:\Maruti_workspace\rspl_Api\.venv\Lib\site-packages\fastapi\routing.py", line 214, in run_endpoint_function
    return await run_in_threadpool(dependant.call, **values)
           ^^^^^^^^^^^^^^^^^^^^^^^^^^^^^^^^^^^^^^^^^^^^^^^^^
  File "D:\Maruti_workspace\rspl_Api\.venv\Lib\site-packages\starlette\concurrency.py", line 39, in run_in_threadpool
    return await anyio.to_thread.run_sync(func, *args)
           ^^^^^^^^^^^^^^^^^^^^^^^^^^^^^^^^^^^^^^^^^^^
  File "D:\Maruti_workspace\rspl_Api\.venv\Lib\site-packages\anyio\to_thread.py", line 63, in run_sync
    return await get_async_backend().run_sync_in_worker_thread(
           ^^^^^^^^^^^^^^^^^^^^^^^^^^^^^^^^^^^^^^^^^^^^^^^^^^^^
        func, args, abandon_on_cancel=abandon_on_cancel, limiter=limiter
        ^^^^^^^^^^^^^^^^^^^^^^^^^^^^^^^^^^^^^^^^^^^^^^^^^^^^^^^^^^^^^^^^
    )
    ^
  File "D:\Maruti_workspace\rspl_Api\.venv\Lib\site-packages\anyio\_backends\_asyncio.py", line 2596, in run_sync_in_worker_thread
    return await future
           ^^^^^^^^^^^^
  File "D:\Maruti_workspace\rspl_Api\.venv\Lib\site-packages\anyio\_backends\_asyncio.py", line 1029, in run
    result = context.run(func, *args)
  File "D:\Maruti_workspace\rspl_Api\app\routers\support_modules.py", line 207, in get_modules_data
    cursor.execute("EXEC license_WebProc_CheckSoftwareVersions ?, 1, ''", cust_id)
    ~~~~~~~~~~~~~~^^^^^^^^^^^^^^^^^^^^^^^^^^^^^^^^^^^^^^^^^^^^^^^^^^^^^^^^^^^^^^^^
pyodbc.ProgrammingError: ('42000', "[42000] [Microsoft][ODBC Driver 17 for SQL Server][SQL Server]Could not find server 'License' in sys.servers. Verify that the correct server name was specified. If necessary, execute the stored procedure sp_addlinkedserver to add the server to sys.servers. (7202) (SQLExecDirectW)")
INFO:     127.0.0.1:50374 - "GET /support/customers?search= HTTP/1.1" 200 OK
INFO:     127.0.0.1:50374 - "GET /support/salesmen HTTP/1.1" 200 OK
INFO:     127.0.0.1:50374 - "GET /support/next-persons HTTP/1.1" 200 OK
INFO:     127.0.0.1:50380 - "GET /support/modules HTTP/1.1" 200 OK
INFO:     127.0.0.1:50382 - "GET /support/pending-tickets?cust_id=66125 HTTP/1.1" 200 OK
INFO:     127.0.0.1:50383 - "GET /support/closed-tickets?cust_id=66125 HTTP/1.1" 200 OK
INFO:     127.0.0.1:50374 - "GET /support/priorities HTTP/1.1" 200 OK
INFO:     127.0.0.1:50381 - "GET /support/customer-info?cust_id=66125 HTTP/1.1" 200 OK
INFO:     127.0.0.1:50381 - "OPTIONS /support/customer-dependents?cust_id=66125 HTTP/1.1" 200 OK
INFO:     127.0.0.1:50381 - "GET /support/customer-dependents?cust_id=66125 HTTP/1.1" 200 OK
INFO:     127.0.0.1:50384 - "GET /support/salesmen HTTP/1.1" 200 OK
INFO:     127.0.0.1:50381 - "GET /support/customers?search= HTTP/1.1" 200 OK
INFO:     127.0.0.1:50384 - "GET /support/next-persons HTTP/1.1" 200 OK
INFO:     127.0.0.1:50384 - "GET /support/modules HTTP/1.1" 200 OK
INFO:     127.0.0.1:50381 - "GET /support/priorities HTTP/1.1" 200 OK
INFO:     127.0.0.1:50392 - "GET /support/closed-tickets?cust_id=66125 HTTP/1.1" 200 OK
INFO:     127.0.0.1:50393 - "GET /support/pending-tickets?cust_id=66125 HTTP/1.1" 200 OK
INFO:     127.0.0.1:50384 - "GET /support/customer-info?cust_id=66125 HTTP/1.1" 200 OK
INFO:     127.0.0.1:50391 - "OPTIONS /support/customers?search=mahaveer HTTP/1.1" 200 OK
INFO:     127.0.0.1:50391 - "GET /support/customers?search=mahaveer HTTP/1.1" 200 OK
INFO:     127.0.0.1:50390 - "OPTIONS /support/customer-info?cust_id=69707 HTTP/1.1" 200 OK
INFO:     127.0.0.1:50390 - "OPTIONS /support/pending-tickets?cust_id=69707 HTTP/1.1" 200 OK
INFO:     127.0.0.1:50390 - "OPTIONS /support/closed-tickets?cust_id=69707 HTTP/1.1" 200 OK
INFO:     127.0.0.1:50390 - "GET /support/customer-info?cust_id=69707 HTTP/1.1" 200 OK
INFO:     127.0.0.1:50390 - "GET /support/pending-tickets?cust_id=69707 HTTP/1.1" 200 OK
INFO:     127.0.0.1:50402 - "GET /support/closed-tickets?cust_id=69707 HTTP/1.1" 200 OK
INFO:     127.0.0.1:50402 - "OPTIONS /support/customer-dependents?cust_id=69707 HTTP/1.1" 200 OK
INFO:     127.0.0.1:50402 - "GET /support/customer-dependents?cust_id=69707 HTTP/1.1" 200 OK
INFO:     127.0.0.1:50390 - "GET /support/salesmen HTTP/1.1" 200 OK
INFO:     127.0.0.1:50403 - "GET /support/next-persons HTTP/1.1" 200 OK
INFO:     127.0.0.1:50405 - "GET /support/modules HTTP/1.1" 200 OK
INFO:     127.0.0.1:50402 - "GET /support/customers?search= HTTP/1.1" 200 OK
INFO:     127.0.0.1:50404 - "GET /support/priorities HTTP/1.1" 200 OK
INFO:     127.0.0.1:50390 - "GET /support/pending-tickets?cust_id=69707 HTTP/1.1" 200 OK
INFO:     127.0.0.1:50403 - "GET /support/closed-tickets?cust_id=69707 HTTP/1.1" 200 OK
INFO:     127.0.0.1:50406 - "GET /support/customer-info?cust_id=69707 HTTP/1.1" 200 OK
INFO:     127.0.0.1:50406 - "OPTIONS /support/customer-info?cust_id=74038 HTTP/1.1" 200 OK
INFO:     127.0.0.1:50403 - "OPTIONS /support/pending-tickets?cust_id=74038 HTTP/1.1" 200 OK
INFO:     127.0.0.1:50390 - "OPTIONS /support/closed-tickets?cust_id=74038 HTTP/1.1" 200 OK
INFO:     127.0.0.1:50403 - "GET /support/closed-tickets?cust_id=74038 HTTP/1.1" 200 OK
INFO:     127.0.0.1:50390 - "GET /support/pending-tickets?cust_id=74038 HTTP/1.1" 200 OK
INFO:     127.0.0.1:50406 - "GET /support/customer-info?cust_id=74038 HTTP/1.1" 200 OK
INFO:     127.0.0.1:50409 - "OPTIONS /support/customers?search=te HTTP/1.1" 200 OK
INFO:     127.0.0.1:50409 - "GET /support/customers?search=te HTTP/1.1" 200 OK
INFO:     127.0.0.1:50409 - "OPTIONS /support/customers?search=tejas HTTP/1.1" 200 OK
INFO:     127.0.0.1:50409 - "GET /support/customers?search=tejas HTTP/1.1" 200 OK
INFO:     127.0.0.1:50409 - "OPTIONS /support/customer-info?cust_id=14332 HTTP/1.1" 200 OK
INFO:     127.0.0.1:50410 - "OPTIONS /support/pending-tickets?cust_id=14332 HTTP/1.1" 200 OK
INFO:     127.0.0.1:50410 - "OPTIONS /support/closed-tickets?cust_id=14332 HTTP/1.1" 200 OK
INFO:     127.0.0.1:50409 - "GET /support/customer-info?cust_id=14332 HTTP/1.1" 200 OK
INFO:     127.0.0.1:50410 - "GET /support/pending-tickets?cust_id=14332 HTTP/1.1" 200 OK
INFO:     127.0.0.1:50409 - "GET /support/closed-tickets?cust_id=14332 HTTP/1.1" 200 OK
INFO:     127.0.0.1:50409 - "OPTIONS /support/customer-dependents?cust_id=14332 HTTP/1.1" 200 OK
INFO:     127.0.0.1:50409 - "GET /support/customer-dependents?cust_id=14332 HTTP/1.1" 200 OK
INFO:     127.0.0.1:50413 - "GET /support/salesmen HTTP/1.1" 200 OK
INFO:     127.0.0.1:50414 - "GET /support/next-persons HTTP/1.1" 200 OK
INFO:     127.0.0.1:50409 - "GET /support/customers?search= HTTP/1.1" 200 OK
INFO:     127.0.0.1:50414 - "GET /support/modules HTTP/1.1" 200 OK
INFO:     127.0.0.1:50413 - "GET /support/priorities HTTP/1.1" 200 OK
INFO:     127.0.0.1:50409 - "GET /support/customer-info?cust_id=14332 HTTP/1.1" 200 OK
INFO:     127.0.0.1:50414 - "GET /support/pending-tickets?cust_id=14332 HTTP/1.1" 200 OK
INFO:     127.0.0.1:50413 - "GET /support/closed-tickets?cust_id=14332 HTTP/1.1" 200 OK
INFO:     127.0.0.1:50413 - "OPTIONS /support/visit-log/last-log-id HTTP/1.1" 200 OK
INFO:     127.0.0.1:50414 - "OPTIONS /support/visit-log/clients HTTP/1.1" 200 OK
INFO:     127.0.0.1:50413 - "OPTIONS /support/visit-log/products HTTP/1.1" 200 OK
INFO:     127.0.0.1:50409 - "OPTIONS /support/visit-log/causes HTTP/1.1" 200 OK
INFO:     127.0.0.1:50419 - "OPTIONS /support/visit-log/support-reasons HTTP/1.1" 200 OK
INFO:     127.0.0.1:50418 - "OPTIONS /support/visit-log/log-ids HTTP/1.1" 200 OK
INFO:     127.0.0.1:50414 - "GET /support/visit-log/last-log-id HTTP/1.1" 200 OK
INFO:     127.0.0.1:50419 - "GET /support/visit-log/causes HTTP/1.1" 200 OK
INFO:     127.0.0.1:50418 - "GET /support/visit-log/products HTTP/1.1" 200 OK
INFO:     127.0.0.1:50413 - "GET /support/visit-log/log-ids HTTP/1.1" 200 OK
INFO:     127.0.0.1:50409 - "GET /support/visit-log/support-reasons HTTP/1.1" 200 OK
INFO:     127.0.0.1:50420 - "GET /support/visit-log/clients HTTP/1.1" 200 OK
INFO:     127.0.0.1:50432 - "OPTIONS /auth/login HTTP/1.1" 200 OK
INFO:     127.0.0.1:50432 - "POST /auth/login HTTP/1.1" 200 OK
INFO:     127.0.0.1:50434 - "GET /support/salesmen HTTP/1.1" 200 OK
INFO:     127.0.0.1:50432 - "GET /support/customers?search= HTTP/1.1" 200 OK
INFO:     127.0.0.1:50434 - "GET /support/next-persons HTTP/1.1" 200 OK
INFO:     127.0.0.1:50434 - "GET /support/modules HTTP/1.1" 200 OK
INFO:     127.0.0.1:50432 - "GET /support/priorities HTTP/1.1" 200 OK
INFO:     127.0.0.1:50439 - "GET /support/customer-info?cust_id=0 HTTP/1.1" 200 OK
INFO:     127.0.0.1:50439 - "OPTIONS /support/customers?search=teh HTTP/1.1" 200 OK
INFO:     127.0.0.1:50439 - "GET /support/customers?search=teh HTTP/1.1" 200 OK
INFO:     127.0.0.1:50439 - "GET /support/customers?search=te HTTP/1.1" 200 OK
INFO:     127.0.0.1:50439 - "GET /support/customers?search=tejas HTTP/1.1" 200 OK
INFO:     127.0.0.1:50440 - "GET /support/pending-tickets?cust_id=14332 HTTP/1.1" 200 OK
INFO:     127.0.0.1:50439 - "GET /support/customer-info?cust_id=14332 HTTP/1.1" 200 OK
INFO:     127.0.0.1:50441 - "GET /support/closed-tickets?cust_id=14332 HTTP/1.1" 200 OK
INFO:     127.0.0.1:50540 - "OPTIONS /support/tt-modify/filters HTTP/1.1" 200 OK
INFO:     127.0.0.1:50541 - "OPTIONS /support/tt-modify/rows?product_name=All&priority=All&status=Pending HTTP/1.1" 200 OK
INFO:     127.0.0.1:50541 - "GET /support/tt-modify/filters HTTP/1.1" 200 OK
INFO:     127.0.0.1:50540 - "GET /support/tt-modify/rows?product_name=All&priority=All&status=Pending HTTP/1.1" 200 OK
INFO:     127.0.0.1:50542 - "OPTIONS /support/tt-modify/rows?customer=tejas&product_name=All&priority=All&status=Pending HTTP/1.1" 200 OK
INFO:     127.0.0.1:50542 - "GET /support/tt-modify/rows?customer=tejas&product_name=All&priority=All&status=Pending HTTP/1.1" 200 OK
INFO:     127.0.0.1:50707 - "OPTIONS /support/tt-modify/filters HTTP/1.1" 200 OK
INFO:     127.0.0.1:50708 - "OPTIONS /support/customers?search= HTTP/1.1" 200 OK
INFO:     127.0.0.1:50709 - "OPTIONS /support/tt-modify/rows?product_name=All&priority=All&status=Pending HTTP/1.1" 200 OK
INFO:     127.0.0.1:50707 - "GET /support/customers?search= HTTP/1.1" 200 OK
INFO:     127.0.0.1:50709 - "GET /support/tt-modify/filters HTTP/1.1" 200 OK
INFO:     127.0.0.1:50708 - "GET /support/tt-modify/rows?product_name=All&priority=All&status=Pending HTTP/1.1" 200 OK
